"Date of operation (UTC)","AC registration","Flight ID","ICAO Call sign","AC Type","Flight type","Departing Airport ICAO Code","Departure Time/ Block-off time (UTC)","Destination Airport ICAO Code","Arrival Time/ Block-on Time(UTC)","Uplift Volume (Litres)","Uplift density","Block On (tonnes)","Block Off (tonnes)","UpdatedAt"
"04/04/2020","ADA","0510","BJ",320,"J","LRCV",43925.11666666667,"DTTA",43925.20902777778,11571,0.800000011920929,13457,9000,"2025-05-01T17:00:00.125Z"
"04/04/2020","ADA","0511","BJ",320,"J","",43925.39861111111,"DTTA",43925.5,5803,0.796999990940094,8125,2500,"2025-05-01T17:00:00.125Z"
"05/04/2020","ADA","0756","BJ",320,"J","DTTA",43926.46319444444,"LFQQ",43926.56875,8500,0.792999982833862,9241,3360,"2025-05-01T17:00:00.125Z"
"05/04/2020","ADA","0757","BJ",320,"J","LFQQ",43926.61805555555,"DTTA",43926.72638888889,7157,0.800000011920929,9086,2600,"2025-05-01T17:00:00.125Z"
"30/07/2020","BTL","0776","BJ",320,"P","LIPQ",44042.40277777778,"DTTA",44042.47569444445,3289,0.788999974727631,6455,2640,"2025-05-01T17:00:00.125Z"
"30/07/2020","BTL","0777","BJ",320,"J","LFST",44042.68402777778,"DTTA",44042.76736111111,5318,0.787999987602234,9231,2860,"2025-05-01T17:00:00.125Z"
"05/07/2020","BUT","1492","BJ",320,"P","HEBA",44017.71527777778,"DTMB",44017.84236111111,5420,0.790000021457672,7702,2360,"2025-05-01T17:00:00.125Z"
"06/07/2020","BUT","7492","BJ",320,"C","DTMB",44018.32916666667,"EPWA",44018.45208333333,9300,0.777999997138977,9595,3660,"2025-05-01T17:00:00.125Z"
"06/07/2020","BUT","7493","BJ",320,"C","EPWA",44018.52916666667,"DTMB",44018.6625,7294,0.791999995708466,9437,3200,"2025-05-01T17:00:00.125Z"
"06/07/2020","BUT","7414","BJ",320,"C","DTMB",44018.72361111111,"EPKT",44018.83125,7200,0.77700001001358,8794,3300,"2025-05-01T17:00:00.125Z"
"06/07/2020","BUT","7415","BJ",320,"C","EPKT",44018.86111111111,"DTMB",44018.97361111111,6583,0.790000021457672,8501,3020,"2025-05-01T17:00:00.125Z"
"07/07/2020","BUT","7402","BJ",320,"C","DTMB",44019.49930555555,"EPWR",44019.60694444444,7250,0.778999984264374,8728,3200,"2025-05-01T17:00:00.125Z"
"07/07/2020","BUT","7403","BJ",320,"C","EPWR",44019.65277777778,"DTMB",44019.7625,6793,0.790000021457672,8566,2940,"2025-05-01T17:00:00.125Z"
"08/07/2020","BUT","7430","BJ",320,"C","DTMB",44019.18611111111,"EPPO",44019.29861111111,8100,0.781000018119812,9346,3820,"2025-05-01T17:00:00.125Z"
"08/07/2020","BUT","7431","BJ",320,"C","EPPO",44019.33333333334,"DTMB",44019.45277777778,6584,0.787000000476837,9002,3080,"2025-05-01T17:00:00.125Z"
"08/07/2020","BUT","1431","BJ",320,"P","DTMB",44020.39652777778,"HEBA",44020.50138888889,5900,0.781000018119812,7548,2900,"2025-05-01T17:00:00.125Z"
"26/06/2020","EAB","7633","BJ",320,"C","EPKT",44008.88194444445,"DTTJ",44009.00694444445,10709,0.787000000476837,11528,3800,"2025-05-01T17:00:00.125Z"
"27/06/2020","EAB","7654","BJ",320,"C","DTTJ",44009.12152777778,"EPKT",44009.24097222222,10160,0.779999971389771,11725,3840,"2025-05-01T17:00:00.125Z"
"09/06/2020","EAC","2022","BJ",320,"J","DTTJ",43991.52083333334,"EDDL",43991.64583333334,7800,0.785000026226044,13263,4960,"2025-05-01T17:00:00.125Z"
"09/06/2020","EAC","2023","BJ",320,"J","EDDL",43991.69791666666,"DTTJ",43991.82638888889,7494,0.805000007152557,10993,3320,"2025-05-01T17:00:00.125Z"
"10/06/2020","EAC","7614","BJ",320,"C","DTTJ",43992.09027777778,"EPKT",43992.20833333334,7600,0.785000026226044,9286,3200,"2025-05-01T17:00:00.125Z"
"10/06/2020","EAC","7615","BJ",320,"C","EPKT",43992.25347222222,"DTTJ",43992.38194444445,9686,0.791000008583069,10862,3300,"2025-05-01T17:00:00.125Z"
"10/06/2020","EAC","0770","BJ",320,"J","DTTJ",43992.61458333334,"LFBD",43992.71875,8300,0.779999971389771,9774,4000,"2025-05-01T17:00:00.125Z"
"10/06/2020","EAC","0771","BJ",320,"J","LFBD",43992.78125,"DTTJ",43992.88055555556,6647,0.800000011920929,9318,3300,"2025-05-01T17:00:00.125Z"
"11/06/2020","EAC","2306","BJ",320,"C","DTTJ",43993.12152777778,"LOWW",43993.22569444445,6460,0.785000026226044,8371,3120,"2025-05-01T17:00:00.125Z"
"11/06/2020","EAC","2307","BJ",320,"C","LOWW",43993.27777777778,"DTTJ",43993.39236111111,8804,0.778999984264374,9978,3920,"2025-05-01T17:00:00.125Z"
"11/06/2020","EAC","0712","BJ",320,"J","DTTJ",43993.43402777778,"LFST",43993.53472222222,8250,0.785000026226044,10396,4400,"2025-05-01T17:00:00.125Z"
"11/06/2020","EAC","0713","BJ",320,"J","LFST",43993.58333333334,"DTTJ",43993.69791666666,7050,0.800000011920929,10040,3160,"2025-05-01T17:00:00.125Z"
"13/06/2020","EAC","2340","BJ",320,"C","DTTJ",43995.40486111111,"EDDL",43995.525,9558,0.782999992370605,10644,3280,"2025-05-01T17:00:00.125Z"
"13/06/2020","EAC","2341","BJ",320,"C","EDDL",43995.59097222222,"DTTJ",43995.71111111111,9038,0.805999994277954,10565,3200,"2025-05-01T17:00:00.125Z"
"14/06/2020","EAC","2608","BJ",320,"J","DTTJ",43996.19791666666,"EDDF",43996.31597222222,11680,0.785000026226044,12369,5500,"2025-05-01T17:00:00.125Z"
"14/06/2020","EAC","2609","BJ",320,"J","EDDF",43996.39583333334,"DTTJ",43996.51736111111,5901,0.800000011920929,10221,3300,"2025-05-01T17:00:00.125Z"
"14/06/2020","EAC","0508","BJ",320,"J","DTTJ",43996.58194444444,"",43996.70069444444,9200,0.782999992370605,10504,3480,"2025-05-01T17:00:00.125Z"
"14/06/2020","EAC","0509","BJ",320,"J","",43996.74375,"DTTJ",43996.85972222222,8282,0.791000008583069,10031,3420,"2025-05-01T17:00:00.125Z"
"15/06/2020","EAC","0704","BJ",320,"J","DTTJ",43997.20486111111,"LFRS",43997.32986111111,9200,0.782999992370605,10624,4300,"2025-05-01T17:00:00.125Z"
"15/06/2020","EAC","0705","BJ",320,"J","LFRS",43997.36111111111,"DTTJ",43997.46875,7157,0.796999990940094,10004,3700,"2025-05-01T17:00:00.125Z"
"15/06/2020","EAC","0762","BJ",320,"J","DTTJ",43997.53819444445,"LFQQ",43997.66527777778,9335,0.782000005245209,11000,3860,"2025-05-01T17:00:00.125Z"
"15/06/2020","EAC","0763","BJ",320,"J","LFQQ",43997.70833333334,"DTTJ",43997.83680555555,9015,0.800000011920929,11072,3680,"2025-05-01T17:00:00.125Z"
"16/06/2020","EAC","0134","BJ",320,"J","DTTJ",43998.36805555555,"LFSB",43998.47222222222,7450,0.782000005245209,9506,3400,"2025-05-01T17:00:00.125Z"
"16/06/2020","EAC","0135","BJ",320,"J","LFSB",43998.51736111111,"DTTJ",43998.61805555555,7546,0.800000011920929,9437,3500,"2025-05-01T17:00:00.125Z"
"16/06/2020","EAC","0702","BJ",320,"J","DTTJ",43998.67361111111,"",43998.79166666666,9600,0.782999992370605,11017,4400,"2025-05-01T17:00:00.125Z"
"16/06/2020","EAC","0703","BJ",320,"J","",43998.84027777778,"DTTJ",43998.95833333334,7612,0.800000011920929,10490,3500,"2025-05-01T17:00:00.125Z"
"17/06/2020","EAC","0740","BJ",320,"J","DTTJ",43999.15625,"LFBO",43999.25694444445,6330,0.785000026226044,8469,3320,"2025-05-01T17:00:00.125Z"
"17/06/2020","EAC","0741","BJ",320,"J","LFBO",43999.29861111111,"DTTJ",43999.38888888889,11265,0.788999974727631,12208,7268,"2025-05-01T17:00:00.125Z"
"17/06/2020","EAC","0554","BJ",320,"J","DTTJ",43999.45833333334,"",43999.57291666666,4700,0.782000005245209,10943,4400,"2025-05-01T17:00:00.125Z"
"17/06/2020","EAC","0555","BJ",320,"J","",43999.60763888889,"DTTJ",43999.73263888889,11331,0.791000008583069,13363,6200,"2025-05-01T17:00:00.125Z"
"18/06/2020","EAC","2306","BJ",320,"C","DTTJ",44000.11111111111,"LOWW",44000.21875,4460,0.782999992370605,9692,3900,"2025-05-01T17:00:00.125Z"
"18/06/2020","EAC","2307","BJ",320,"C","LOWW",44000.27777777778,"DTTJ",44000.38541666666,7142,0.778999984264374,9464,3420,"2025-05-01T17:00:00.125Z"
"18/06/2020","EAC","0736","BJ",320,"J","DTTJ",44000.55416666667,"LFRS",44000.66388888889,8900,0.800000011920929,10540,4300,"2025-05-01T17:00:00.125Z"
"18/06/2020","EAC","0737","BJ",320,"J","LFRS",44000.73263888889,"DTTJ",44000.84791666667,7001,0.795000016689301,9866,3420,"2025-05-01T17:00:00.125Z"
"19/06/2020","EAC","7666","BJ",320,"C","DTTJ",44001.05555555555,"EPWA",44001.19097222222,11100,0.787999987602234,12167,4120,"2025-05-01T17:00:00.125Z"
"19/06/2020","EAC","7667","BJ",320,"C","EPWA",44001.26041666666,"DTTJ",44001.39930555555,8658,0.799000024795532,11038,3020,"2025-05-01T17:00:00.125Z"
"19/06/2020","EAC","0702","BJ",320,"J","DTTJ",44001.44791666666,"",44001.5625,9700,0.779999971389771,10586,3900,"2025-05-01T17:00:00.125Z"
"19/06/2020","EAC","0703","BJ",320,"J","",44001.61458333334,"DTTJ",44001.74652777778,8295,0.790000021457672,10453,3200,"2025-05-01T17:00:00.125Z"
"20/06/2020","EAC","2872","BJ",320,"C","DTTJ",44002.20486111111,"EDDP",44002.32291666666,8830,0.782000005245209,10105,4060,"2025-05-01T17:00:00.125Z"
"20/06/2020","EAC","2873","BJ",320,"C","EDDP",44002.38194444445,"DTTJ",44002.51180555556,9054,0.800000011920929,11303,3700,"2025-05-01T17:00:00.125Z"
"20/06/2020","EAC","2806","BJ",320,"C","DTTJ",44002.58333333334,"EDDV",44002.70138888889,10250,0.779999971389771,11695,4600,"2025-05-01T17:00:00.125Z"
"20/06/2020","EAC","2807","BJ",320,"C","EDDV",44002.75694444445,"DTTJ",44002.89583333334,8327,0.811999976634979,11362,3400,"2025-05-01T17:00:00.125Z"
"21/06/2020","EAC","2608","BJ",320,"J","DTTJ",44003.20833333334,"EDDF",44003.32152777778,10530,0.782999992370605,11645,5140,"2025-05-01T17:00:00.125Z"
"21/06/2020","EAC","2609","BJ",320,"J","EDDF",44003.38541666666,"DTTJ",44003.50902777778,5470,0.796999990940094,9500,2940,"2025-05-01T17:00:00.125Z"
"21/06/2020","EAC","0508","BJ",320,"J","DTTJ",44003.58333333334,"",44003.70486111111,10900,0.783999979496002,11486,4300,"2025-05-01T17:00:00.125Z"
"21/06/2020","EAC","0509","BJ",320,"J","",44003.75694444445,"DTTJ",44003.86458333334,7272,0.800000011920929,10118,3900,"2025-05-01T17:00:00.125Z"
"22/06/2020","EAC","0704","BJ",320,"J","DTTJ",44004.19791666666,"LFRS",44004.31944444445,9650,0.782000005245209,11446,4700,"2025-05-01T17:00:00.125Z"
"22/06/2020","EAC","0705","BJ",320,"J","LFRS",44004.35763888889,"DTTJ",44004.46875,6287,0.791999995708466,9679,3500,"2025-05-01T17:00:00.125Z"
"22/06/2020","EAC","0736","BJ",320,"J","DTTJ",44004.52430555555,"LFRS",44004.64097222222,9350,0.782000005245209,10812,3980,"2025-05-01T17:00:00.125Z"
"22/06/2020","EAC","0737","BJ",320,"J","LFRS",44004.67361111111,"DTTJ",44004.78472222222,6358,0.791999995708466,9016,3380,"2025-05-01T17:00:00.125Z"
"23/06/2020","EAC","0554","BJ",320,"J","DTTJ",44005.24652777778,"",44005.36805555555,9150,0.781000018119812,10526,3500,"2025-05-01T17:00:00.125Z"
"23/06/2020","EAC","0555","BJ",320,"J","",44005.41666666666,"DTTJ",44005.52777777778,7930,0.791999995708466,9781,3200,"2025-05-01T17:00:00.125Z"
"23/06/2020","EAC","2022","BJ",320,"J","DTTJ",44005.57638888889,"EDDL",44005.70138888889,9850,0.787999987602234,10962,3600,"2025-05-01T17:00:00.125Z"
"23/06/2020","EAC","2023","BJ",320,"J","EDDL",44005.75,"DTTJ",44005.87152777778,9155,0.802999973297119,10951,3700,"2025-05-01T17:00:00.125Z"
"24/06/2020","EAC","0762","BJ",320,"J","DTTJ",44006.42013888889,"LFQQ",44006.54166666666,9750,0.781000018119812,11315,3800,"2025-05-01T17:00:00.125Z"
"24/06/2020","EAC","0763","BJ",320,"J","LFQQ",44006.60069444445,"DTTJ",44006.72916666666,9045,0.800000011920929,11036,3600,"2025-05-01T17:00:00.125Z"
"24/06/2020","EAC","0770","BJ",320,"J","DTTJ",44006.76388888889,"LFBD",44006.875,7430,0.779999971389771,9395,3300,"2025-05-01T17:00:00.125Z"
"24/06/2020","EAC","0771","BJ",320,"J","LFBD",44006.90972222222,"DTTJ",44007.00694444445,6587,0.791999995708466,8517,3200,"2025-05-01T17:00:00.125Z"
"25/06/2020","EAC","0702","BJ",320,"J","DTTJ",44007.09375,"",44007.21180555555,9900,0.782000005245209,10942,4800,"2025-05-01T17:00:00.125Z"
"25/06/2020","EAC","0703","BJ",320,"J","",44007.27222222222,"DTTJ",44007.38402777778,6635,0.792999982833862,10062,3700,"2025-05-01T17:00:00.125Z"
"25/06/2020","EAC","0736","BJ",320,"J","DTTJ",44007.42013888889,"LFRS",44007.54027777778,8520,0.782000005245209,10363,3560,"2025-05-01T17:00:00.125Z"
"25/06/2020","EAC","0737","BJ",320,"J","LFRS",44007.58333333334,"DTTJ",44007.68958333333,7606,0.790000021457672,9569,3500,"2025-05-01T17:00:00.125Z"
"25/06/2020","EAC","6846","BJ",320,"C","DTTJ",44007.74305555555,"LPPT",44007.86805555555,11050,0.782000005245209,12141,4400,"2025-05-01T17:00:00.125Z"
"25/06/2020","EAC","6847","BJ",320,"C","LPPT",44007.92013888889,"DTTJ",44008.03819444445,7973,0.800999999046326,10786,4100,"2025-05-01T17:00:00.125Z"
"26/06/2020","EAC","0702","BJ",320,"J","DTTJ",44008.44027777778,"",44008.56041666667,8100,0.781000018119812,10426,3540,"2025-05-01T17:00:00.125Z"
"26/06/2020","EAC","0703","BJ",320,"J","",44008.60694444444,"DTTJ",44008.72083333333,8207,0.792999982833862,10048,3360,"2025-05-01T17:00:00.125Z"
"27/06/2020","EAC","2806","BJ",320,"C","DTTJ",44009.1875,"EDDV",44009.31944444445,11100,0.779999971389771,12018,4200,"2025-05-01T17:00:00.125Z"
"27/06/2020","EAC","2807","BJ",320,"C","EDDV",44009.375,"DTTJ",44009.49652777778,7956,0.800000011920929,10565,3580,"2025-05-01T17:00:00.125Z"
"27/06/2020","EAC","2872","BJ",320,"C","DTTJ",44009.55347222222,"EDDP",44009.67430555556,9630,0.779999971389771,11091,3800,"2025-05-01T17:00:00.125Z"
"27/06/2020","EAC","2873","BJ",320,"C","EDDP",44009.71736111111,"DTTJ",44009.83472222222,8606,0.800000011920929,10685,3900,"2025-05-01T17:00:00.125Z"
"28/06/2020","EAC","2640","BJ",320,"J","DTTJ",44010.24652777778,"EDDL",44010.37152777778,8900,0.779999971389771,10842,3500,"2025-05-01T17:00:00.125Z"
"28/06/2020","EAC","2641","BJ",320,"J","EDDL",44010.44791666666,"DTTJ",44010.57291666666,9474,0.800000011920929,11079,3680,"2025-05-01T17:00:00.126Z"
"28/06/2020","EAC","0508","BJ",320,"J","DTTJ",44010.63125,"",44010.76597222222,10700,0.779999971389771,12026,3700,"2025-05-01T17:00:00.126Z"
"28/06/2020","EAC","0509","BJ",320,"J","",44010.80694444444,"DTTJ",44010.92291666667,8748,0.791000008583069,10620,3900,"2025-05-01T17:00:00.126Z"
"29/06/2020","EAC","0704","BJ",320,"J","DTTJ",44011.21180555555,"LFRS",44011.33333333334,8800,0.779999971389771,10764,4120,"2025-05-01T17:00:00.126Z"
"29/06/2020","EAC","0705","BJ",320,"J","LFRS",44011.37152777778,"DTTJ",44011.47916666666,7061,0.795000016689301,9733,3820,"2025-05-01T17:00:00.126Z"
"29/06/2020","EAC","0762","BJ",320,"J","DTTJ",44011.54861111111,"LFQQ",44011.66944444444,9700,0.77700001001358,11357,4040,"2025-05-01T17:00:00.126Z"
"29/06/2020","EAC","0763","BJ",320,"J","LFQQ",44011.71041666667,"DTTJ",44011.82847222222,8689,0.796999990940094,10965,4140,"2025-05-01T17:00:00.126Z"
"30/06/2020","EAC","0134","BJ",320,"J","DTTJ",44012.37847222222,"LFSB",44012.47916666666,7000,0.778999984264374,9593,3900,"2025-05-01T17:00:00.126Z"
"30/06/2020","EAC","0135","BJ",320,"J","LFSB",44012.52083333334,"DTTJ",44012.63125,5839,0.800000011920929,8571,3000,"2025-05-01T17:00:00.126Z"
"30/06/2020","EAC","0702","BJ",320,"J","DTTJ",44012.66666666666,"",44012.78472222222,10078,0.774999976158142,10810,4200,"2025-05-01T17:00:00.126Z"
"30/06/2020","EAC","0703","BJ",320,"J","",44012.83125,"DTTJ",44012.94097222222,7349,0.791000008583069,10013,3740,"2025-05-01T17:00:00.126Z"
"01/07/2020","EAC","7614","BJ",320,"C","DTTJ",44013.09722222222,"EPKT",44013.20833333334,8750,0.800000011920929,10740,3500,"2025-05-01T17:00:00.126Z"
"01/07/2020","EAC","7615","BJ",320,"C","EPKT",44013.27916666667,"DTTJ",44013.40277777778,9871,0.795000016689301,11347,3800,"2025-05-01T17:00:00.126Z"
"01/07/2020","EAC","0770","BJ",320,"J","DTTJ",44013.74652777778,"LFBD",44013.85625,8262,0.778999984264374,10236,3920,"2025-05-01T17:00:00.126Z"
"01/07/2020","EAC","0771","BJ",320,"J","LFBD",44013.89930555555,"DTTJ",44013.99652777778,6499,0.791999995708466,9067,3820,"2025-05-01T17:00:00.126Z"
"02/07/2020","EAC","0702","BJ",320,"J","DTTJ",44014.09375,"",44014.21875,9200,0.779999971389771,10996,4680,"2025-05-01T17:00:00.126Z"
"02/07/2020","EAC","0703","BJ",320,"J","",44014.26388888889,"DTTJ",44014.37152777778,7235,0.791000008583069,10403,4120,"2025-05-01T17:00:00.126Z"
"02/07/2020","EAC","0736","BJ",320,"J","DTTJ",44014.45138888889,"LFRS",44014.57638888889,9740,0.779999971389771,11717,4200,"2025-05-01T17:00:00.126Z"
"02/07/2020","EAC","0737","BJ",320,"J","LFRS",44014.61111111111,"DTTJ",44014.71180555555,6843,0.792999982833862,9626,3460,"2025-05-01T17:00:00.126Z"
"03/07/2020","EAC","7666","BJ",320,"C","DTTJ",44015.05902777778,"EPWA",44015.19791666666,11700,0.779999971389771,12586,4080,"2025-05-01T17:00:00.126Z"
"03/07/2020","EAC","7667","BJ",320,"C","EPWA",44015.26388888889,"DTTJ",44015.38888888889,8310,0.790000021457672,10645,3280,"2025-05-01T17:00:00.126Z"
"03/07/2020","EAC","0574","BJ",320,"J","DTTJ",44015.44097222222,"LFLL",44015.53888888889,8650,0.778999984264374,10018,4420,"2025-05-01T17:00:00.126Z"
"03/07/2020","EAC","0575","BJ",320,"J","LFLL",44015.58680555555,"DTTJ",44015.67847222222,5918,0.790000021457672,9095,3800,"2025-05-01T17:00:00.126Z"
"03/07/2020","EAC","7632","BJ",320,"C","DTTJ",44015.71527777778,"EPKT",44015.84722222222,10610,0.800000011920929,12288,4080,"2025-05-01T17:00:00.126Z"
"03/07/2020","EAC","7633","BJ",320,"C","EPKT",44015.88194444445,"DTTJ",44016,7959,0.794200003147125,10401,3500,"2025-05-01T17:00:00.126Z"
"04/07/2020","EAC","7654","BJ",320,"C","DTTJ",44016.11736111111,"EPKT",44016.24097222222,9250,0.779999971389771,10715,3340,"2025-05-01T17:00:00.126Z"
"04/07/2020","EAC","7655","BJ",320,"C","EPKT",44016.27847222222,"DTTJ",44016.39583333334,8741,0.796000003814697,10298,3240,"2025-05-01T17:00:00.126Z"
"04/07/2020","EAC","0134","BJ",320,"J","DTTJ",44016.44444444445,"LFSB",44016.54861111111,7250,0.777999997138977,8881,3600,"2025-05-01T17:00:00.126Z"
"04/07/2020","EAC","0135","BJ",320,"J","LFSB",44016.59375,"DTTJ",44016.70138888889,6779,0.800000011920929,9023,3300,"2025-05-01T17:00:00.126Z"
"04/07/2020","EAC","0770","BJ",320,"J","DTTJ",44016.73958333334,"LFBD",44016.84375,7800,0.777999997138977,9368,4000,"2025-05-01T17:00:00.126Z"
"04/07/2020","EAC","0771","BJ",320,"J","LFBD",44016.90069444444,"DTTJ",44016.99375,6156,0.800000011920929,8925,3440,"2025-05-01T17:00:00.126Z"
"05/07/2020","EAC","0554","BJ",320,"J","DTTJ",44017.25694444445,"",44017.37847222222,9332,0.779999971389771,10719,4520,"2025-05-01T17:00:00.126Z"
"05/07/2020","EAC","0555","BJ",320,"J","",44017.41319444445,"DTTJ",44017.53819444445,6911,0.791999995708466,9994,3380,"2025-05-01T17:00:00.126Z"
"05/07/2020","EAC","0508","BJ",320,"J","DTTJ",44017.58680555555,"",44017.70416666667,9750,0.778999984264374,10975,4420,"2025-05-01T17:00:00.126Z"
"05/07/2020","EAC","0509","BJ",320,"J","",44017.75902777778,"DTTJ",44017.87777777778,7706,0.790000021457672,10508,3500,"2025-05-01T17:00:00.126Z"
"06/07/2020","EAC","7646","BJ",320,"C","DTTJ",44018.10416666666,"EPWA",44018.22569444445,11000,0.779999971389771,12080,4480,"2025-05-01T17:00:00.126Z"
"06/07/2020","EAC","7647","BJ",320,"C","EPWA",44018.28125,"DTTJ",44018.42013888889,9503,0.792999982833862,12016,2740,"2025-05-01T17:00:00.126Z"
"06/07/2020","EAC","0736","BJ",320,"R","DTTJ",44018.46111111111,"DTTJ",44018.47569444445,11194,0.77700001001358,11438,11200,"2025-05-01T17:00:00.126Z"
"06/07/2020","EAC","0737","BJ",320,"J","LFRS",44018.74722222222,"DTTJ",44018.85,7666,0.800000011920929,10133,3880,"2025-05-01T17:00:00.126Z"
"06/07/2020","EAC","0588","BJ",320,"J","DTTJ",44018.88541666666,"LFML",44018.96319444444,12050,0.778999984264374,13267,4767,"2025-05-01T17:00:00.126Z"
"06/07/2020","EAC","0589","BJ",320,"J","LFML",44018.99305555555,"DTTJ",44019.07222222222,8500,0.800000011920929,11567,4000,"2025-05-01T17:00:00.126Z"
"07/07/2020","EAC","2046","BJ",320,"J","DTTJ",44019.18333333333,"EDDF",44019.30069444444,10850,0.782000005245209,12485,5580,"2025-05-01T17:00:00.126Z"
"07/07/2020","EAC","2047","BJ",320,"J","EDDF",44019.38194444445,"DTTJ",44019.49722222222,5460,0.797999978065491,9937,3100,"2025-05-01T17:00:00.126Z"
"07/07/2020","EAC","2022","BJ",320,"J","DTTJ",44019.54375,"EDDL",44019.66458333333,10000,0.777999997138977,10880,3700,"2025-05-01T17:00:00.126Z"
"07/07/2020","EAC","2023","BJ",320,"J","EDDL",44019.70833333334,"DTTJ",44019.82986111111,9695,0.77700001001358,11233,3980,"2025-05-01T17:00:00.126Z"
"08/07/2020","EAC","0740","BJ",320,"J","DTTJ",44020.15486111111,"LFBO",44020.24791666667,5850,0.781000018119812,8549,3360,"2025-05-01T17:00:00.126Z"
"08/07/2020","EAC","0741","BJ",320,"J","LFBO",44020.28819444445,"DTTJ",44020.37152777778,6552,0.790000021457672,8536,3780,"2025-05-01T17:00:00.126Z"
"08/07/2020","EAC","2344","BJ",320,"C","DTTJ",44020.52013888889,"EDDL",44020.64236111111,9000,0.778999984264374,10791,3800,"2025-05-01T17:00:00.126Z"
"08/07/2020","EAC","2345","BJ",320,"C","EDDL",44020.7,"DTTJ",44020.81944444445,8705,0.806999981403351,10825,3400,"2025-05-01T17:00:00.126Z"
"09/07/2020","EAC","0554","BJ",320,"J","DTTJ",44021.24930555555,"",44021.37222222222,18700,0.779999971389771,17986,10500,"2025-05-01T17:00:00.126Z"
"09/07/2020","EAC","0555","BJ",320,"J","",44021.43402777778,"DTTJ",44021.54513888889,0,0.800000011920929,10500,3800,"2025-05-01T17:00:00.126Z"
"09/07/2020","EAC","0508","BJ",320,"J","DTTJ",44021.59861111111,"",44021.72291666667,18900,0.779999971389771,18542,10960,"2025-05-01T17:00:00.126Z"
"09/07/2020","EAC","0509","BJ",320,"J","",44021.78472222222,"DTTJ",44021.90277777778,0,0.800000011920929,10960,3820,"2025-05-01T17:00:00.126Z"
"10/07/2020","EAC","7666","BJ",320,"C","DTTJ",44022.05277777778,"EPWA",44022.19166666667,11350,0.779999971389771,12673,4300,"2025-05-01T17:00:00.126Z"
"10/07/2020","EAC","7667","BJ",320,"C","EPWA",44022.26111111111,"DTTJ",44022.39652777778,8473,0.790000021457672,10994,2960,"2025-05-01T17:00:00.126Z"
"10/07/2020","EAC","0574","BJ",320,"J","DTTJ",44022.4375,"LFLL",44022.52777777778,7500,0.778999984264374,8803,3420,"2025-05-01T17:00:00.126Z"
"10/07/2020","EAC","0575","BJ",320,"J","LFLL",44022.57361111111,"DTTJ",44022.66180555556,6233,0.783999979496002,8307,3180,"2025-05-01T17:00:00.126Z"
"10/07/2020","EAC","7632","BJ",320,"C","DTTJ",44022.71180555555,"EPKT",44022.82986111111,10600,0.779999971389771,11448,3900,"2025-05-01T17:00:00.126Z"
"10/07/2020","EAC","7633","BJ",320,"C","EPKT",44022.89236111111,"DTTJ",44023.00694444445,8516,0.791999995708466,10645,3800,"2025-05-01T17:00:00.126Z"
"11/07/2020","EAC","7654","BJ",320,"C","DTTJ",44023.13888888889,"EPKT",44023.25694444445,9250,0.779999971389771,11015,3600,"2025-05-01T17:00:00.126Z"
"11/07/2020","EAC","7655","BJ",320,"C","EPKT",44023.29027777778,"DTTJ",44023.41111111111,8683,0.791700005531311,10474,3440,"2025-05-01T17:00:00.126Z"
"11/07/2020","EAC","0134","BJ",320,"J","DTTJ",44023.45486111111,"LFSB",44023.55555555555,8000,0.779999971389771,9680,4100,"2025-05-01T17:00:00.126Z"
"11/07/2020","EAC","0135","BJ",320,"J","LFSB",44023.61111111111,"DTTJ",44023.71527777778,6868,0.788999974727631,9519,3600,"2025-05-01T17:00:00.126Z"
"11/07/2020","EAC","0770","BJ",320,"J","DTTJ",44023.75694444445,"LFBD",44023.86458333334,7940,0.779999971389771,9793,4000,"2025-05-01T17:00:00.126Z"
"11/07/2020","EAC","0771","BJ",320,"J","LFBD",44023.90902777778,"DTTJ",44024.00208333333,6063,0.795000016689301,8820,3400,"2025-05-01T17:00:00.126Z"
"12/07/2020","EAC","2608","BJ",320,"J","DTTJ",44024.19791666666,"EDDF",44024.3125,8592,0.781000018119812,10110,3840,"2025-05-01T17:00:00.126Z"
"12/07/2020","EAC","2609","BJ",320,"J","EDDF",44024.42013888889,"DTTJ",44024.53055555555,7698,0.799000024795532,9991,3160,"2025-05-01T17:00:00.126Z"
"12/07/2020","EAC","0384","BJ",320,"J","DTTJ",44024.61458333334,"EBBR",44024.73263888889,9300,0.800000011920929,10600,3200,"2025-05-01T17:00:00.126Z"
"12/07/2020","EAC","0385","BJ",320,"J","EBBR",44024.80208333334,"DTTJ",44024.90972222222,11675,0.800000011920929,12540,5100,"2025-05-01T17:00:00.126Z"
"13/07/2020","EAC","7646","BJ",320,"C","DTTJ",44025.10069444445,"EPWA",44025.22638888889,8750,0.779999971389771,11925,4200,"2025-05-01T17:00:00.126Z"
"13/07/2020","EAC","7647","BJ",320,"C","EPWA",44025.28472222222,"DTTJ",44025.42361111111,9268,0.792999982833862,11550,3400,"2025-05-01T17:00:00.126Z"
"13/07/2020","EAC","0736","BJ",320,"J","DTTJ",44025.46527777778,"LFRS",44025.58333333334,9260,0.779999971389771,10623,3820,"2025-05-01T17:00:00.126Z"
"13/07/2020","EAC","0737","BJ",320,"J","LFRS",44025.625,"DTTJ",44025.73263888889,8348,0.800000011920929,10498,3920,"2025-05-01T17:00:00.126Z"
"13/07/2020","EAC","0574","BJ",320,"J","DTTJ",44025.77083333334,"LFLL",44025.86111111111,6230,0.776000022888184,8754,3700,"2025-05-01T17:00:00.126Z"
"13/07/2020","EAC","0575","BJ",320,"J","LFLL",44025.91319444445,"DTTJ",44026.00694444445,6184,0.787999987602234,8573,3600,"2025-05-01T17:00:00.126Z"
"14/07/2020","EAC","2046","BJ",320,"J","DTTJ",44026.19444444445,"EDDF",44026.31597222222,8800,0.779999971389771,10464,3400,"2025-05-01T17:00:00.126Z"
"14/07/2020","EAC","2047","BJ",320,"J","EDDF",44026.39930555555,"DTTJ",44026.50763888889,8862,0.795000016689301,10445,3440,"2025-05-01T17:00:00.126Z"
"14/07/2020","EAC","2022","BJ",320,"J","DTTJ",44026.54861111111,"EDDL",44026.67361111111,10493,0.777999997138977,11604,3840,"2025-05-01T17:00:00.126Z"
"14/07/2020","EAC","2023","BJ",320,"J","EDDL",44026.70833333334,"DTTJ",44026.83333333334,9567,0.801999986171722,11513,3960,"2025-05-01T17:00:00.126Z"
"15/07/2020","EAC","7614","BJ",320,"C","DTTJ",44027.09722222222,"EPKT",44027.21180555555,8500,0.781000018119812,10599,3600,"2025-05-01T17:00:00.126Z"
"15/07/2020","EAC","7615","BJ",320,"C","EPKT",44027.26736111111,"DTTJ",44027.39583333334,8703,0.790499985218048,10480,2900,"2025-05-01T17:00:00.126Z"
"15/07/2020","EAC","2344","BJ",320,"C","DTTJ",44027.54513888889,"EDDL",44027.66944444444,9950,0.778999984264374,10651,3040,"2025-05-01T17:00:00.126Z"
"15/07/2020","EAC","2345","BJ",320,"C","EDDL",44027.70833333334,"DTTJ",44027.82638888889,9583,0.800000011920929,10706,3620,"2025-05-01T17:00:00.126Z"
"16/07/2020","EAC","0702","BJ",320,"J","DTTJ",44028.10416666666,"",44028.22569444445,9500,0.779999971389771,11030,4900,"2025-05-01T17:00:00.126Z"
"16/07/2020","EAC","0703","BJ",320,"J","",44028.25694444445,"DTTJ",44028.375,5997,0.800000011920929,9698,3200,"2025-05-01T17:00:00.126Z"
"16/07/2020","EAC","0736","BJ",320,"J","DTTJ",44028.41666666666,"LFRS",44028.52777777778,8900,0.777999997138977,10124,3600,"2025-05-01T17:00:00.126Z"
"16/07/2020","EAC","0737","BJ",320,"J","LFRS",44028.57986111111,"DTTJ",44028.68472222222,7640,0.796000003814697,9681,3640,"2025-05-01T17:00:00.126Z"
"17/07/2020","EAC","7630","BJ",320,"C","DTTJ",44029.07638888889,"EPPO",44029.20486111111,9850,0.781000018119812,11333,3760,"2025-05-01T17:00:00.126Z"
"17/07/2020","EAC","7631","BJ",320,"C","EPPO",44029.25,"DTTJ",44029.375,9075,0.792999982833862,10956,3540,"2025-05-01T17:00:00.126Z"
"17/07/2020","EAC","0702","BJ",320,"J","DTTJ",44029.45138888889,"",44029.56597222222,10500,0.779999971389771,11730,4200,"2025-05-01T17:00:00.126Z"
"17/07/2020","EAC","0703","BJ",320,"J","",44029.61458333334,"DTTJ",44029.71875,7500,0.790000021457672,10125,3300,"2025-05-01T17:00:00.126Z"
"17/07/2020","EAC","3382","BJ",320,"P","DTTJ",44029.75972222222,"LFLL",44029.85416666666,6100,0.77700001001358,8040,3320,"2025-05-01T17:00:00.126Z"
"17/07/2020","EAC","3383","BJ",320,"C","LFLL",44029.89444444444,"DTTJ",44029.98472222222,6331,0.781000018119812,8265,3100,"2025-05-01T17:00:00.126Z"
"18/07/2020","EAC","7654","BJ",320,"C","DTTJ",44030.11458333334,"EPKT",44030.24305555555,10700,0.777999997138977,11425,3840,"2025-05-01T17:00:00.126Z"
"18/07/2020","EAC","7655","BJ",320,"C","EPKT",44030.28819444445,"DTTJ",44030.40625,7751,0.800000011920929,10041,2900,"2025-05-01T17:00:00.126Z"
"18/07/2020","EAC","0134","BJ",320,"J","DTTJ",44030.44444444445,"LFSB",44030.55208333334,8000,0.77700001001358,9116,3420,"2025-05-01T17:00:00.126Z"
"18/07/2020","EAC","0135","BJ",320,"J","LFSB",44030.625,"DTTJ",44030.72916666666,7502,0.800000011920929,9422,3660,"2025-05-01T17:00:00.126Z"
"18/07/2020","EAC","0770","BJ",320,"J","DTTJ",44030.77777777778,"LFBD",44030.88194444445,8450,0.769999980926514,10167,4300,"2025-05-01T17:00:00.126Z"
"18/07/2020","EAC","0771","BJ",320,"J","LFBD",44030.92152777778,"DTTJ",44031.01736111111,6025,0.800000011920929,9120,3500,"2025-05-01T17:00:00.126Z"
"19/07/2020","EAC","2966","BJ",320,"C","DTTJ",44031.11111111111,"EDDL",44031.23263888889,9400,0.777999997138977,10813,3100,"2025-05-01T17:00:00.126Z"
"19/07/2020","EAC","2967","BJ",320,"C","EDDL",44031.30208333334,"DTTJ",44031.40972222222,9108,0.804000020027161,10423,3000,"2025-05-01T17:00:00.126Z"
"19/07/2020","EAC","0702","BJ",320,"J","DTTJ",44031.49861111111,"",44031.61666666667,9700,0.774999976158142,10518,3640,"2025-05-01T17:00:00.126Z"
"19/07/2020","EAC","0703","BJ",320,"J","",44031.66597222222,"DTTJ",44031.78055555555,8651,0.787000000476837,10448,3620,"2025-05-01T17:00:00.126Z"
"20/07/2020","EAC","2972","BJ",320,"C","DTTJ",44032.08680555555,"EDDL",44032.20833333334,9000,0.778999984264374,10631,3400,"2025-05-01T17:00:00.126Z"
"20/07/2020","EAC","2973","BJ",320,"C","EDDL",44032.26041666666,"DTTJ",44032.38888888889,10131,0.800999999046326,11515,3900,"2025-05-01T17:00:00.126Z"
"20/07/2020","EAC","0592","BJ",320,"J","DTTJ",44032.43611111111,"LFLL",44032.52638888889,7090,0.778999984264374,9423,4300,"2025-05-01T17:00:00.126Z"
"20/07/2020","EAC","0593","BJ",320,"J","LFLL",44032.5625,"DTTJ",44032.65277777778,6006,0.787000000476837,9027,3800,"2025-05-01T17:00:00.126Z"
"20/07/2020","EAC","0740","BJ",320,"J","DTTJ",44032.70486111111,"LFBO",44032.79861111111,7366,0.776000022888184,9516,4200,"2025-05-01T17:00:00.126Z"
"20/07/2020","EAC","0741","BJ",320,"J","LFBO",44032.83333333334,"DTTJ",44032.92222222222,5453,0.78600001335144,8486,3580,"2025-05-01T17:00:00.126Z"
"21/07/2020","EAC","0134","BJ",320,"J","DTTJ",44033.38194444445,"LFSB",44033.49305555555,8350,0.800000011920929,10260,3260,"2025-05-01T17:00:00.126Z"
"21/07/2020","EAC","0135","BJ",320,"J","LFSB",44033.52777777778,"DTTJ",44033.625,7443,0.795000016689301,9177,3380,"2025-05-01T17:00:00.126Z"
"21/07/2020","EAC","0702","BJ",320,"J","DTTJ",44033.68819444445,"",44033.80625,10456,0.777999997138977,11515,4160,"2025-05-01T17:00:00.126Z"
"21/07/2020","EAC","0703","BJ",320,"J","",44033.84375,"DTTJ",44033.95208333333,7417,0.800000011920929,10094,3440,"2025-05-01T17:00:00.126Z"
"22/07/2020","EAC","0740","BJ",320,"J","DTTJ",44034.15347222222,"LFBO",44034.24513888889,7587,0.800000011920929,9510,4200,"2025-05-01T17:00:00.126Z"
"22/07/2020","EAC","0741","BJ",320,"J","LFBO",44034.29513888889,"DTTJ",44034.37986111111,5172,0.800000011920929,8338,3320,"2025-05-01T17:00:00.126Z"
"22/07/2020","EAC","0762","BJ",320,"J","DTTJ",44034.43055555555,"LFQQ",44034.55902777778,11450,0.77700001001358,12217,4400,"2025-05-01T17:00:00.126Z"
"22/07/2020","EAC","0763","BJ",320,"J","LFQQ",44034.60416666666,"DTTJ",44034.72916666666,8397,0.800000011920929,11118,4000,"2025-05-01T17:00:00.126Z"
"22/07/2020","EAC","0770","BJ",320,"J","DTTJ",44034.75972222222,"LFBD",44034.86388888889,7050,0.777999997138977,9485,3560,"2025-05-01T17:00:00.126Z"
"22/07/2020","EAC","0771","BJ",320,"J","LFBD",44034.89583333334,"DTTJ",44034.99652777778,6970,0.791000008583069,9073,3520,"2025-05-01T17:00:00.126Z"
"23/07/2020","EAC","0554","BJ",320,"J","DTTJ",44035.24652777778,"",44035.375,10800,0.779999971389771,11944,4800,"2025-05-01T17:00:00.126Z"
"23/07/2020","EAC","0555","BJ",320,"J","",44035.41319444445,"DTTJ",44035.52430555555,6682,0.787999987602234,10065,3700,"2025-05-01T17:00:00.126Z"
"23/07/2020","EAC","0508","BJ",320,"J","DTTJ",44035.58680555555,"",44035.71527777778,9550,0.777999997138977,11130,3500,"2025-05-01T17:00:00.126Z"
"23/07/2020","EAC","0509","BJ",320,"J","",44035.78472222222,"DTTJ",44035.89930555555,8871,0.790000021457672,10508,3580,"2025-05-01T17:00:00.126Z"
"24/07/2020","EAC","7666","BJ",320,"C","DTTJ",44036.0625,"EPWA",44036.20486111111,11300,0.778999984264374,12383,3800,"2025-05-01T17:00:00.126Z"
"24/07/2020","EAC","7667","BJ",320,"C","EPWA",44036.26041666666,"DTTJ",44036.39236111111,8842,0.794799983501434,10828,3200,"2025-05-01T17:00:00.126Z"
"24/07/2020","EAC","0574","BJ",320,"J","DTTJ",44036.47708333333,"LFLL",44036.56458333333,6312,0.800000011920929,8250,2740,"2025-05-01T17:00:00.126Z"
"24/07/2020","EAC","0575","BJ",320,"J","LFLL",44036.625,"DTTJ",44036.71041666667,7160,0.782999992370605,8346,3020,"2025-05-01T17:00:00.126Z"
"24/07/2020","EAC","7632","BJ",320,"C","DTTJ",44036.75,"EPKT",44036.875,10300,0.779999971389771,11034,3700,"2025-05-01T17:00:00.126Z"
"24/07/2020","EAC","7633","BJ",320,"C","EPKT",44036.89930555555,"DTTJ",44037.01388888889,7903,0.800000011920929,10092,3600,"2025-05-01T17:00:00.126Z"
"25/07/2020","EAC","0554","BJ",320,"J","DTTJ",44037.1875,"",44037.30208333334,9900,0.779999971389771,11322,4300,"2025-05-01T17:00:00.126Z"
"25/07/2020","EAC","0555","BJ",320,"J","",44037.36111111111,"DTTJ",44037.46527777778,8074,0.785000026226044,10638,3600,"2025-05-01T17:00:00.126Z"
"25/07/2020","EAC","2340","BJ",320,"C","DTTJ",44037.52291666667,"EDDL",44037.64236111111,9850,0.795000016689301,11431,3740,"2025-05-01T17:00:00.126Z"
"25/07/2020","EAC","2341","BJ",320,"C","EDDL",44037.69583333333,"DTTJ",44037.82083333333,8276,0.800000011920929,10361,3160,"2025-05-01T17:00:00.126Z"
"26/07/2020","EAC","2966","BJ",320,"C","DTTJ",44038.10763888889,"EDDL",44038.21875,10050,0.779999971389771,10999,3800,"2025-05-01T17:00:00.126Z"
"26/07/2020","EAC","2967","BJ",320,"C","EDDL",44038.27777777778,"DTTJ",44038.39791666667,9074,0.804000020027161,11095,3200,"2025-05-01T17:00:00.126Z"
"26/07/2020","EAC","0702","BJ",320,"J","DTTJ",44038.54861111111,"",44038.6625,9700,0.777999997138977,10747,3760,"2025-05-01T17:00:00.126Z"
"26/07/2020","EAC","0703","BJ",320,"J","",44038.70138888889,"DTTJ",44038.81597222222,8449,0.791000008583069,10443,3540,"2025-05-01T17:00:00.126Z"
"27/07/2020","EAC","2972","BJ",320,"C","DTTJ",44039.09652777778,"EDDL",44039.21944444445,10295,0.779999971389771,11570,4200,"2025-05-01T17:00:00.126Z"
"27/07/2020","EAC","2973","BJ",320,"C","EDDL",44039.26041666666,"DTTJ",44039.38680555556,8483,0.800000011920929,10986,3540,"2025-05-01T17:00:00.126Z"
"27/07/2020","EAC","0592","BJ",320,"J","DTTJ",44039.4375,"LFLL",44039.51736111111,7000,0.776000022888184,8972,3600,"2025-05-01T17:00:00.126Z"
"27/07/2020","EAC","0593","BJ",320,"J","LFLL",44039.56597222222,"DTTJ",44039.65277777778,6912,0.791999995708466,9074,3600,"2025-05-01T17:00:00.126Z"
"27/07/2020","EAC","0740","BJ",320,"J","DTTJ",44039.70347222222,"LFBO",44039.79375,8900,0.777999997138977,10424,5160,"2025-05-01T17:00:00.126Z"
"27/07/2020","EAC","0741","BJ",320,"J","LFBO",44039.82638888889,"DTTJ",44039.91180555556,4305,0.785000026226044,8539,3540,"2025-05-01T17:00:00.126Z"
"28/07/2020","EAC","0134","BJ",320,"J","DTTJ",44040.375,"LFSB",44040.47569444445,8350,0.77700001001358,10028,4100,"2025-05-01T17:00:00.126Z"
"28/07/2020","EAC","0135","BJ",320,"J","LFSB",44040.52777777778,"DTTJ",44040.62847222222,6835,0.800000011920929,9568,3460,"2025-05-01T17:00:00.126Z"
"28/07/2020","EAC","0702","BJ",320,"J","DTTJ",44040.67638888889,"",44040.79652777778,11600,0.774999976158142,12450,5140,"2025-05-01T17:00:00.126Z"
"28/07/2020","EAC","0703","BJ",320,"J","",44040.83680555555,"DTTJ",44040.95486111111,6700,0.788999974727631,10426,3600,"2025-05-01T17:00:00.126Z"
"29/07/2020","EAC","0740","BJ",320,"J","DTTJ",44041.16458333333,"LFBO",44041.25138888889,6300,0.778999984264374,8508,3200,"2025-05-01T17:00:00.126Z"
"29/07/2020","EAC","0741","BJ",320,"J","LFBO",44041.30486111111,"DTTJ",44041.38888888889,6236,0.785000026226044,8095,3200,"2025-05-01T17:00:00.126Z"
"29/07/2020","EAC","0762","BJ",320,"J","DTTJ",44041.43055555555,"LFQQ",44041.55555555555,10800,0.779999971389771,11624,4100,"2025-05-01T17:00:00.126Z"
"29/07/2020","EAC","0763","BJ",320,"J","LFQQ",44041.59375,"DTTJ",44041.72569444445,9586,0.790000021457672,11673,4100,"2025-05-01T17:00:00.126Z"
"29/07/2020","EAC","0770","BJ",320,"J","DTTJ",44041.75347222222,"LFBD",44041.86805555555,7610,0.769999980926514,9960,3800,"2025-05-01T17:00:00.126Z"
"29/07/2020","EAC","0771","BJ",320,"J","LFBD",44041.90277777778,"DTTJ",44042,6564,0.787999987602234,8972,3500,"2025-05-01T17:00:00.126Z"
"30/07/2020","EAC","0702","BJ",320,"J","DTTJ",44042.10416666666,"",44042.23125,10368,0.779999971389771,11587,4200,"2025-05-01T17:00:00.126Z"