<?xml version="1.0" encoding="UTF-8"?>
<AirportData creationTime="2025-01-30T07:59:32" flightPlanId="OFP9" fullPackage="true" xsi:schemaLocation="http://aeec.aviation-ia.net/633 AirportData.xsd" xmlns="http://aeec.aviation-ia.net/633" xmlns:xsi="http://www.w3.org/2001/XMLSchema-instance">
<M633Header timestamp="2025-01-30T07:59:31Z" versionNumber="3"/> 
<M633SupplementaryHeader>
    <Flight flightOriginDate="2025-01-30Z" scheduledTimeOfDeparture="2025-01-30T12:00:00Z">
        <FlightIdentification>
            <FlightIdentifier>LBT4669</FlightIdentifier>
                <FlightNumber airlineIATACode="BJ" number="4669" >
                    <CommercialFlightNumber>BJ4669</CommercialFlightNumber>
                </FlightNumber>
             </FlightIdentification>
        <DepartureAirport airportFunction="DepartureAirport" airportName="JEDDAH/KING ABDULAZIZ INTL">
            <AirportICAOCode>OEJN</AirportICAOCode>
            <AirportIATACode>JED</AirportIATACode>
        </DepartureAirport>
        <ArrivalAirport airportFunction="ArrivalAirport" airportName="TUNIS/CARTHAGE">
            <AirportICAOCode>DTTA</AirportICAOCode>
            <AirportIATACode>TUN</AirportIATACode>
        </ArrivalAirport>
    </Flight>
    <Aircraft aircraftRegistration="TSINL" >
        <AircraftModel airlineSpecificSubType="1.21">
            <AircraftICAOType>A20N</AircraftICAOType>
        </AircraftModel>
    </Aircraft>
</M633SupplementaryHeader>
    <Airport>
        <AirportIdentification airportFunction="DepartureAirport" airportName="JEDDAH/KING ABDULAZIZ INTL">
            <AirportICAOCode>OEJN</AirportICAOCode>
            <AirportIATACode>JED</AirportIATACode>
        </AirportIdentification>
        <Runway runwayIdentifier="34C">
            <Approach procedureName="TKOF">
                <RequiredHorizontalVisibility unit="m">1600</RequiredHorizontalVisibility>
                <RequiredVerticalVisibility unit="ft">0</RequiredVerticalVisibility>  
            </Approach>
            <Elevation unit="ft">29</Elevation>
            <ApprovedForRegularOperation>true</ApprovedForRegularOperation>
        </Runway>
        <Elevation unit="ft">50</Elevation>
        <AirportReferencePoint><Coordinates latitude="78052" longitude="140962">N2140.9 E03909.4</Coordinates></AirportReferencePoint>
        <RequiredFlightCrewQualification>E</RequiredFlightCrewQualification>
        <LocalTimeOffsetToUTC positive="true">PT03H</LocalTimeOffsetToUTC>
    </Airport>
    <Airport>
        <AirportIdentification airportFunction="ArrivalAirport" airportName="TUNIS/CARTHAGE">
            <AirportICAOCode>DTTA</AirportICAOCode>
            <AirportIATACode>TUN</AirportIATACode>
        </AirportIdentification>
        <Runway runwayIdentifier="29"> 
            <Approach procedureName="CAT1+DME">
                <RequiredHorizontalVisibility unit="m">1300</RequiredHorizontalVisibility>
                <RequiredVerticalVisibility unit="ft">0</RequiredVerticalVisibility>
            </Approach>
            <Elevation unit="ft">12</Elevation>
            <ApprovedForRegularOperation>true</ApprovedForRegularOperation>
        </Runway>
        <Elevation unit="ft">21</Elevation> 
        <AirportReferencePoint><Coordinates latitude="132664" longitude="36817">N3651.1 E01013.6</Coordinates></AirportReferencePoint>
        <RequiredFlightCrewQualification>E</RequiredFlightCrewQualification>
        <LocalTimeOffsetToUTC positive="true">PT01H</LocalTimeOffsetToUTC>
    </Airport>
    <Airport>
        <AirportIdentification airportFunction="PrimaryArrivalAlternateAirport" airportName="ENFIDHA / HAMMAMET">
            <AirportICAOCode>DTNH</AirportICAOCode>
            <AirportIATACode>NBE</AirportIATACode>
        </AirportIdentification>
        <Runway runwayIdentifier="27">
            <Approach procedureName="LOC+VORDME">
                <RequiredHorizontalVisibility unit="m">1300</RequiredHorizontalVisibility>
                <RequiredVerticalVisibility unit="ft">430</RequiredVerticalVisibility>
            </Approach>
            <Elevation unit="ft">13</Elevation>
            <ApprovedForRegularOperation>true</ApprovedForRegularOperation>
        </Runway>
        <Elevation unit="ft">21</Elevation>
        <AirportReferencePoint><Coordinates latitude="129873" longitude="37579">N3604.6 E01026.3</Coordinates></AirportReferencePoint>
        <RequiredFlightCrewQualification>E</RequiredFlightCrewQualification>
        <LocalTimeOffsetToUTC positive="true">PT01H</LocalTimeOffsetToUTC>
    </Airport>
    <Airport>
        <AirportIdentification airportFunction="ArrivalAlternateAirport" airportName="MONASTIR/HABIB BOURGUIBA">
            <AirportICAOCode>DTMB</AirportICAOCode>
            <AirportIATACode>MIR</AirportIATACode>
        </AirportIdentification>
        <Runway runwayIdentifier="07">
            <Approach procedureName="LOC+VOR+DME">
                <RequiredHorizontalVisibility unit="m">2100</RequiredHorizontalVisibility>
                <RequiredVerticalVisibility unit="ft">620</RequiredVerticalVisibility>
            </Approach>
            <Elevation unit="ft">8</Elevation>
            <ApprovedForRegularOperation>true</ApprovedForRegularOperation>
        </Runway>
        <Elevation unit="ft">9</Elevation>
        <AirportReferencePoint><Coordinates latitude="128729" longitude="38717">N3545.5 E01045.3</Coordinates></AirportReferencePoint>
        <RequiredFlightCrewQualification>E</RequiredFlightCrewQualification>
        <LocalTimeOffsetToUTC positive="true">PT01H</LocalTimeOffsetToUTC>
    </Airport>
    <Airport>
        <AirportIdentification airportFunction="ArrivalAlternateAirport" airportName="SFAX/THYNA">
            <AirportICAOCode>DTTX</AirportICAOCode>
            <AirportIATACode>SFA</AirportIATACode>
        </AirportIdentification>
        <Runway runwayIdentifier="15">
            <Approach procedureName="CIRC VOR@33">
                <RequiredHorizontalVisibility unit="m">2400</RequiredHorizontalVisibility>
                <RequiredVerticalVisibility unit="ft">660</RequiredVerticalVisibility>
            </Approach>
            <Elevation unit="ft">81</Elevation>
            <ApprovedForRegularOperation>true</ApprovedForRegularOperation>
        </Runway>
        <Elevation unit="ft">85</Elevation>
        <AirportReferencePoint><Coordinates latitude="124994" longitude="38479">N3443.2 E01041.3</Coordinates></AirportReferencePoint>
        <RequiredFlightCrewQualification>E</RequiredFlightCrewQualification>
        <LocalTimeOffsetToUTC positive="true">PT01H</LocalTimeOffsetToUTC>
    </Airport>
    <Airport>
        <AirportIdentification airportFunction="ArrivalAlternateAirport" airportName="DJERBA/ZARZIS">
            <AirportICAOCode>DTTJ</AirportICAOCode>
            <AirportIATACode>DJE</AirportIATACode>
        </AirportIdentification>
        <Runway runwayIdentifier="27">
            <Approach procedureName="VORDME">
                <RequiredHorizontalVisibility unit="m">2800</RequiredHorizontalVisibility>
                <RequiredVerticalVisibility unit="ft">540</RequiredVerticalVisibility>
            </Approach>
            <Elevation unit="ft">19</Elevation>
            <ApprovedForRegularOperation>true</ApprovedForRegularOperation>
        </Runway>
        <Elevation unit="ft">20</Elevation>
        <AirportReferencePoint><Coordinates latitude="121952" longitude="38798">N3352.5 E01046.6</Coordinates></AirportReferencePoint>
        <RequiredFlightCrewQualification>E</RequiredFlightCrewQualification>
        <LocalTimeOffsetToUTC positive="true">PT01H</LocalTimeOffsetToUTC>
    </Airport>
</AirportData>