<?xml version="1.0" encoding="utf-8"?>
<AirportWeather creationTime="2025-01-30T07:59:38" fullPackage="false" xmlns="http://aeec.aviation-ia.net/633" xmlns:xsi="http://www.w3.org/2001/XMLSchema-instance" xsi:schemaLocation="http://aeec.aviation-ia.net/633 AirportWeather.xsd">
    <M633Header timestamp="2025-01-30T07:59:38" versionNumber="3"/>
    <M633SupplementaryHeader>
        <Flight flightOriginDate="2025-01-30" scheduledTimeOfDeparture="2025-01-30T12:00:00Z">
            <FlightIdentification>
                <FlightIdentifier>LBT4669</FlightIdentifier>
                <FlightNumber airlineIATACode="BJ" number="4669">
                    <CommercialFlightNumber>BJ4669</CommercialFlightNumber>
                </FlightNumber>
            </FlightIdentification>
            <DepartureAirport>
                <AirportICAOCode>OEJN</AirportICAOCode>
                <AirportIATACode>JED</AirportIATACode>
            </DepartureAirport>
            <ArrivalAirport>
                <AirportICAOCode>DTTA</AirportICAOCode>
                <AirportIATACode>TUN</AirportIATACode>
            </ArrivalAirport>
        </Flight>
        <Aircraft aircraftRegistration="TSINL">
            <AircraftModel>
                <AircraftICAOType>A20N</AircraftICAOType>
            </AircraftModel>
        </Aircraft>
    </M633SupplementaryHeader>
    <WeatherBulletins>
        <WeatherBulletin sequence="1">
            <Airport airportName="TUNIS/CARTHAGE" airportFunction="ArrivalAirport">
                <AirportICAOCode>DTTA</AirportICAOCode>
                <AirportIATACode>TUN</AirportIATACode>
            </Airport>
            <Observation observationTime="2025-01-30T07:30:00" observationType="METAR">
                <ObservationDetails>
                    <SurfaceWinds>
                        <SurfaceWind>
                            <Directions>
                                <Direction>
                                    <Value type="true" unit="deg">0</Value>
                                </Direction>
                            </Directions>
                            <Speeds>
                                <Calm/>
                            </Speeds>
                        </SurfaceWind>
                    </SurfaceWinds>
                    <VisibilitiesAndWeather>
                        <Visibilities>
                            <PrevailingVisibility>
                                <Value unit="m">9999</Value>
                            </PrevailingVisibility>
                        </Visibilities>
                    </VisibilitiesAndWeather>
                    <Temperatures>
                        <AirTemperature>
                            <Value unit="C">10</Value>
                        </AirTemperature>
                        <DewPointTemperature>
                            <Value unit="C">8</Value>
                        </DewPointTemperature>
                    </Temperatures>
                    <Pressures>
                        <QNH>
                            <Value unit="hPa">1020</Value>
                        </QNH>
                    </Pressures>
                </ObservationDetails>
                <ObservationText>
                    <Paragraph sequence="1">
                        <Text>SA 300730 00000KT 9999 FEW023 10/08 Q1020=</Text>
                    </Paragraph>
                </ObservationText>
            </Observation>
        </WeatherBulletin>
        <WeatherBulletin sequence="2">
            <Airport airportName="TUNIS/CARTHAGE" airportFunction="ArrivalAirport">
                <AirportICAOCode>DTTA</AirportICAOCode>
                <AirportIATACode>TUN</AirportIATACode>
            </Airport>
            <Forecast forecastTime="2025-01-30T05:00:00" forecastType="FT" forecastStartTime="2025-01-30T06:00:00" forecastEndTime="2025-01-31T06:00:00">
                <ForecastText>
                    <Paragraph sequence="1">
                        <Text>FT 300500 3006/3106 19005KT 9999 FEW023=</Text>
                    </Paragraph>
                </ForecastText>
            </Forecast>
        </WeatherBulletin>
        <WeatherBulletin sequence="3">
            <Airport airportName="JEDDAH/KING ABDULAZIZ INTL" airportFunction="DepartureAirport">
                <AirportICAOCode>OEJN</AirportICAOCode>
                <AirportIATACode>JED</AirportIATACode>
            </Airport>
            <Observation observationTime="2025-01-30T07:00:00" observationType="METAR">
                <ObservationDetails>
                    <SurfaceWinds>
                        <SurfaceWind>
                            <Directions>
                                <Direction>
                                    <Value type="true" unit="deg">-0</Value>
                                </Direction>
                            </Directions>
                            <Speeds>
                                <Speed>
                                    <Value unit="kt">11</Value>
                                </Speed>
                            </Speeds>
                        </SurfaceWind>
                    </SurfaceWinds>
                    <VisibilitiesAndWeather>
                        <Visibilities>
                            <PrevailingVisibility>
                                <Value unit="m">9999</Value>
                            </PrevailingVisibility>
                        </Visibilities>
                    </VisibilitiesAndWeather>
                    <Temperatures>
                        <AirTemperature>
                            <Value unit="C">25</Value>
                        </AirTemperature>
                        <DewPointTemperature>
                            <Value unit="C">11</Value>
                        </DewPointTemperature>
                    </Temperatures>
                    <Pressures>
                        <QNH>
                            <Value unit="hPa">1018</Value>
                        </QNH>
                    </Pressures>
                </ObservationDetails>
                <ObservationText>
                    <Paragraph sequence="1">
                        <Text>SA 300700 36011KT CAVOK 25/11 Q1018 NOSIG=</Text>
                    </Paragraph>
                </ObservationText>
            </Observation>
        </WeatherBulletin>
        <WeatherBulletin sequence="4">
            <Airport airportName="JEDDAH/KING ABDULAZIZ INTL" airportFunction="DepartureAirport">
                <AirportICAOCode>OEJN</AirportICAOCode>
                <AirportIATACode>JED</AirportIATACode>
            </Airport>
            <Forecast forecastTime="2025-01-30T05:00:00" forecastType="FT" forecastStartTime="2025-01-30T06:00:00" forecastEndTime="2025-01-31T12:00:00">
                <ForecastText>
                    <Paragraph sequence="1">
                        <Text>FT 300500 3006/3112 03010KT CAVOK</Text>
                    </Paragraph>
                    <Paragraph sequence="2">
                        <Text>BECMG 3012/3014 33014KT</Text>
                    </Paragraph>
                    <Paragraph sequence="3">
                        <Text>BECMG 3018/3020 VRB03KT=</Text>
                    </Paragraph>
                </ForecastText>
            </Forecast>
        </WeatherBulletin>
        <WeatherBulletin sequence="5">
            <Airport airportName="ENFIDHA / HAMMAMET" airportFunction="PrimaryArrivalAlternateAirport">
                <AirportICAOCode>DTNH</AirportICAOCode>
                <AirportIATACode>NBE</AirportIATACode>
            </Airport>
            <Observation observationTime="2025-01-30T07:30:00" observationType="METAR">
                <ObservationDetails>
                    <SurfaceWinds>
                        <SurfaceWind>
                            <Directions>
                                <Direction>
                                    <Value type="true" unit="deg">170</Value>
                                </Direction>
                            </Directions>
                            <Speeds>
                                <Speed>
                                    <Value unit="kt">4</Value>
                                </Speed>
                            </Speeds>
                        </SurfaceWind>
                    </SurfaceWinds>
                    <VisibilitiesAndWeather>
                        <Visibilities>
                            <PrevailingVisibility>
                                <Value unit="m">9999</Value>
                            </PrevailingVisibility>
                        </Visibilities>
                    </VisibilitiesAndWeather>
                    <Temperatures>
                        <AirTemperature>
                            <Value unit="C">7</Value>
                        </AirTemperature>
                        <DewPointTemperature>
                            <Value unit="C">6</Value>
                        </DewPointTemperature>
                    </Temperatures>
                    <Pressures>
                        <QNH>
                            <Value unit="hPa">1020</Value>
                        </QNH>
                    </Pressures>
                </ObservationDetails>
                <ObservationText>
                    <Paragraph sequence="1">
                        <Text>SA 300730 17004KT CAVOK 07/06 Q1020=</Text>
                    </Paragraph>
                </ObservationText>
            </Observation>
        </WeatherBulletin>
        <WeatherBulletin sequence="6">
            <Airport airportName="ENFIDHA / HAMMAMET" airportFunction="PrimaryArrivalAlternateAirport">
                <AirportICAOCode>DTNH</AirportICAOCode>
                <AirportIATACode>NBE</AirportIATACode>
            </Airport>
            <Forecast forecastTime="2025-01-30T05:00:00" forecastType="FT" forecastStartTime="2025-01-30T06:00:00" forecastEndTime="2025-01-31T06:00:00">
                <ForecastText>
                    <Paragraph sequence="1">
                        <Text>FT 300500 3006/3106 25002KT CAVOK=</Text>
                    </Paragraph>
                </ForecastText>
            </Forecast>
        </WeatherBulletin>
        <WeatherBulletin sequence="7">
            <Airport airportName="MONASTIR/HABIB BOURGUIBA" airportFunction="ArrivalAlternateAirport">
                <AirportICAOCode>DTMB</AirportICAOCode>
                <AirportIATACode>MIR</AirportIATACode>
            </Airport>
            <Observation observationTime="2025-01-30T07:30:00" observationType="METAR">
                <ObservationDetails>
                    <SurfaceWinds>
                        <SurfaceWind>
                            <Directions>
                                <Direction>
                                    <Value type="true" unit="deg">170</Value>
                                </Direction>
                            </Directions>
                            <Speeds>
                                <Calm/>
                            </Speeds>
                        </SurfaceWind>
                    </SurfaceWinds>
                    <VisibilitiesAndWeather>
                        <Visibilities>
                            <PrevailingVisibility>
                                <Value unit="m">9999</Value>
                            </PrevailingVisibility>
                        </Visibilities>
                    </VisibilitiesAndWeather>
                    <Temperatures>
                        <AirTemperature>
                            <Value unit="C">9</Value>
                        </AirTemperature>
                        <DewPointTemperature>
                            <Value unit="C">5</Value>
                        </DewPointTemperature>
                    </Temperatures>
                    <Pressures>
                        <QNH>
                            <Value unit="hPa">1021</Value>
                        </QNH>
                    </Pressures>
                </ObservationDetails>
                <ObservationText>
                    <Paragraph sequence="1">
                        <Text>SA 300730 17003KT CAVOK 09/05 Q1021=</Text>
                    </Paragraph>
                </ObservationText>
            </Observation>
        </WeatherBulletin>
        <WeatherBulletin sequence="8">
            <Airport airportName="MONASTIR/HABIB BOURGUIBA" airportFunction="ArrivalAlternateAirport">
                <AirportICAOCode>DTMB</AirportICAOCode>
                <AirportIATACode>MIR</AirportIATACode>
            </Airport>
            <Forecast forecastTime="2025-01-30T05:00:00" forecastType="FT" forecastStartTime="2025-01-30T06:00:00" forecastEndTime="2025-01-31T06:00:00">
                <ForecastText>
                    <Paragraph sequence="1">
                        <Text>FT 300500 3006/3106 16002KT CAVOK</Text>
                    </Paragraph>
                    <Paragraph sequence="2">
                        <Text>BECMG 3020/3022 17010KT=</Text>
                    </Paragraph>
                </ForecastText>
            </Forecast>
        </WeatherBulletin>
        <WeatherBulletin sequence="9">
            <Airport airportName="SFAX/THYNA" airportFunction="ArrivalAlternateAirport">
                <AirportICAOCode>DTTX</AirportICAOCode>
                <AirportIATACode>SFA</AirportIATACode>
            </Airport>
            <Observation observationTime="2025-01-30T07:00:00" observationType="METAR">
                <ObservationDetails>
                    <SurfaceWinds>
                        <SurfaceWind>
                            <Directions>
                                <Direction>
                                    <Value type="true" unit="deg">220</Value>
                                </Direction>
                            </Directions>
                            <Speeds>
                                <Speed>
                                    <Value unit="kt">7</Value>
                                </Speed>
                            </Speeds>
                        </SurfaceWind>
                    </SurfaceWinds>
                    <VisibilitiesAndWeather>
                        <Visibilities>
                            <PrevailingVisibility>
                                <Value unit="m">9999</Value>
                            </PrevailingVisibility>
                        </Visibilities>
                        <Clouds>
                            <CloudDescriptions>
                                <CloudDescription cloudCover="BKN">
                                    <Ceiling>
                                        <Value unit="ft">3000</Value>
                                    </Ceiling>
                                </CloudDescription>
                            </CloudDescriptions>
                        </Clouds>
                    </VisibilitiesAndWeather>
                    <Temperatures>
                        <AirTemperature>
                            <Value unit="C">8</Value>
                        </AirTemperature>
                        <DewPointTemperature>
                            <Value unit="C">4</Value>
                        </DewPointTemperature>
                    </Temperatures>
                    <Pressures>
                        <QNH>
                            <Value unit="hPa">1022</Value>
                        </QNH>
                    </Pressures>
                </ObservationDetails>
                <ObservationText>
                    <Paragraph sequence="1">
                        <Text>SA 300700 22007KT 9999 FEW020 SCT030 08/04 Q1022=</Text>
                    </Paragraph>
                </ObservationText>
            </Observation>
        </WeatherBulletin>
        <WeatherBulletin sequence="10">
            <Airport airportName="SFAX/THYNA" airportFunction="ArrivalAlternateAirport">
                <AirportICAOCode>DTTX</AirportICAOCode>
                <AirportIATACode>SFA</AirportIATACode>
            </Airport>
            <Forecast forecastTime="2025-01-30T05:00:00" forecastType="FT" forecastStartTime="2025-01-30T06:00:00" forecastEndTime="2025-01-31T06:00:00">
                <ForecastText>
                    <Paragraph sequence="1">
                        <Text>FT 300500 3006/3106 21005KT 9999 FEW030</Text>
                    </Paragraph>
                    <Paragraph sequence="2">
                        <Text>BECMG 3008/3010 18010KT=</Text>
                    </Paragraph>
                </ForecastText>
            </Forecast>
        </WeatherBulletin>
        <WeatherBulletin sequence="11">
            <Airport airportName="DJERBA/ZARZIS" airportFunction="ArrivalAlternateAirport">
                <AirportICAOCode>DTTJ</AirportICAOCode>
                <AirportIATACode>DJE</AirportIATACode>
            </Airport>
            <Observation observationTime="2025-01-30T07:30:00" observationType="METAR">
                <ObservationDetails>
                    <SurfaceWinds>
                        <SurfaceWind>
                            <Directions>
                                <Direction>
                                    <Value type="true" unit="deg">200</Value>
                                </Direction>
                            </Directions>
                            <Speeds>
                                <Speed>
                                    <Value unit="kt">7</Value>
                                </Speed>
                            </Speeds>
                        </SurfaceWind>
                    </SurfaceWinds>
                    <VisibilitiesAndWeather>
                        <Visibilities>
                            <PrevailingVisibility>
                                <Value unit="m">9999</Value>
                            </PrevailingVisibility>
                        </Visibilities>
                    </VisibilitiesAndWeather>
                    <Temperatures>
                        <AirTemperature>
                            <Value unit="C">11</Value>
                        </AirTemperature>
                        <DewPointTemperature>
                            <Value unit="C">4</Value>
                        </DewPointTemperature>
                    </Temperatures>
                    <Pressures>
                        <QNH>
                            <Value unit="hPa">1023</Value>
                        </QNH>
                    </Pressures>
                </ObservationDetails>
                <ObservationText>
                    <Paragraph sequence="1">
                        <Text>SA 300730 20007KT 9999 FEW020 11/04 Q1023=</Text>
                    </Paragraph>
                </ObservationText>
            </Observation>
        </WeatherBulletin>
        <WeatherBulletin sequence="12">
            <Airport airportName="DJERBA/ZARZIS" airportFunction="ArrivalAlternateAirport">
                <AirportICAOCode>DTTJ</AirportICAOCode>
                <AirportIATACode>DJE</AirportIATACode>
            </Airport>
            <Forecast forecastTime="2025-01-30T05:00:00" forecastType="FT" forecastStartTime="2025-01-30T06:00:00" forecastEndTime="2025-01-31T06:00:00">
                <ForecastText>
                    <Paragraph sequence="1">
                        <Text>FT 300500 3006/3106 15005KT 9999 SCT020=</Text>
                    </Paragraph>
                </ForecastText>
            </Forecast>
        </WeatherBulletin>
        <WeatherBulletin sequence="13">
            <Airport airportName="YENBO/PR ABDUL MOHSIN B ABDUL" airportFunction="EnRouteAlternateAirport">
                <AirportICAOCode>OEYN</AirportICAOCode>
                <AirportIATACode>YNB</AirportIATACode>
            </Airport>
            <Forecast forecastTime="2025-01-29T23:00:00" forecastType="FT" forecastStartTime="2025-01-30T00:00:00" forecastEndTime="2025-01-31T06:00:00">
                <ForecastText>
                    <Paragraph sequence="1">
                        <Text>FT 292300 3000/3106 03005KT 7000 NSC</Text>
                    </Paragraph>
                    <Paragraph sequence="2">
                        <Text>BECMG 3006/3008 06015KT</Text>
                    </Paragraph>
                    <Paragraph sequence="3">
                        <Text>BECMG 3014/3016 28012KT CAVOK</Text>
                    </Paragraph>
                    <Paragraph sequence="4">
                        <Text>BECMG 3100/3102 06013KT 7000 NSC=</Text>
                    </Paragraph>
                </ForecastText>
            </Forecast>
        </WeatherBulletin>
        <WeatherBulletin sequence="14">
            <Airport airportName="TAIF/TAIF INTL AIRPORT" airportFunction="EnRouteAlternateAirport">
                <AirportICAOCode>OETF</AirportICAOCode>
                <AirportIATACode>TIF</AirportIATACode>
            </Airport>
            <Forecast forecastTime="2025-01-29T23:00:00" forecastType="FT" forecastStartTime="2025-01-30T00:00:00" forecastEndTime="2025-01-31T06:00:00">
                <ForecastText>
                    <Paragraph sequence="1">
                        <Text>FT 292300 3000/3106 17005KT 7000 FEW030</Text>
                    </Paragraph>
                    <Paragraph sequence="2">
                        <Text>TEMPO 3000/3006 VRB03KT 3000 BR BKN025</Text>
                    </Paragraph>
                    <Paragraph sequence="3">
                        <Text>PROB30 3000/3005 0500 FG</Text>
                    </Paragraph>
                    <Paragraph sequence="4">
                        <Text>BECMG 3008/3010 12010KT 9999 SCT030</Text>
                    </Paragraph>
                    <Paragraph sequence="5">
                        <Text>BECMG 3020/3022 VRB03KT=</Text>
                    </Paragraph>
                </ForecastText>
            </Forecast>
        </WeatherBulletin>
        <WeatherBulletin sequence="15">
            <Airport airportName="MADINAH/PR.MOHAMMAD BIN ABDULA" airportFunction="EnRouteAlternateAirport">
                <AirportICAOCode>OEMA</AirportICAOCode>
                <AirportIATACode>MED</AirportIATACode>
            </Airport>
            <Forecast forecastTime="2025-01-30T05:00:00" forecastType="FT" forecastStartTime="2025-01-30T06:00:00" forecastEndTime="2025-01-31T12:00:00">
                <ForecastText>
                    <Paragraph sequence="1">
                        <Text>FT 300500 3006/3112 09010KT CAVOK</Text>
                    </Paragraph>
                    <Paragraph sequence="2">
                        <Text>BECMG 3012/3014 03012KT</Text>
                    </Paragraph>
                    <Paragraph sequence="3">
                        <Text>BECMG 3022/3100 09010KT=</Text>
                    </Paragraph>
                </ForecastText>
            </Forecast>
        </WeatherBulletin>
        <WeatherBulletin sequence="16">
            <Airport airportName="ALULA INTL" airportFunction="EnRouteAlternateAirport">
                <AirportICAOCode>OEAO</AirportICAOCode>
                <AirportIATACode>ULH</AirportIATACode>
            </Airport>
            <Forecast forecastTime="2025-01-29T23:00:00" forecastType="FT" forecastStartTime="2025-01-30T00:00:00" forecastEndTime="2025-01-31T06:00:00">
                <ForecastText>
                    <Paragraph sequence="1">
                        <Text>FT 292300 3000/3106 02012KT 7000 NSC</Text>
                    </Paragraph>
                    <Paragraph sequence="2">
                        <Text>PROB30 TEMPO 3000/3006 3000 BR FEW030</Text>
                    </Paragraph>
                    <Paragraph sequence="3">
                        <Text>BECMG 3008/3010 08015KT</Text>
                    </Paragraph>
                    <Paragraph sequence="4">
                        <Text>BECMG 3018/3020 02006KT CAVOK=</Text>
                    </Paragraph>
                </ForecastText>
            </Forecast>
        </WeatherBulletin>
        <WeatherBulletin sequence="17">
            <Airport airportName="WEJH" airportFunction="EnRouteAlternateAirport">
                <AirportICAOCode>OEWJ</AirportICAOCode>
                <AirportIATACode>EJH</AirportIATACode>
            </Airport>
            <Forecast forecastTime="2025-01-29T23:00:00" forecastType="FT" forecastStartTime="2025-01-30T00:00:00" forecastEndTime="2025-01-31T06:00:00">
                <ForecastText>
                    <Paragraph sequence="1">
                        <Text>FT 292300 3000/3106 04010KT 7000 NSC</Text>
                    </Paragraph>
                    <Paragraph sequence="2">
                        <Text>BECMG 3010/3012 28015KT CAVOK</Text>
                    </Paragraph>
                    <Paragraph sequence="3">
                        <Text>BECMG 3018/3020 36010KT=</Text>
                    </Paragraph>
                </ForecastText>
            </Forecast>
        </WeatherBulletin>
        <WeatherBulletin sequence="18">
            <Airport airportName="MARSA ALAM INTL" airportFunction="EnRouteAlternateAirport">
                <AirportICAOCode>HEMA</AirportICAOCode>
                <AirportIATACode>RMF</AirportIATACode>
            </Airport>
            <Forecast forecastTime="2025-01-30T05:00:00" forecastType="FT" forecastStartTime="2025-01-30T06:00:00" forecastEndTime="2025-01-31T12:00:00">
                <ForecastText>
                    <Paragraph sequence="1">
                        <Text>FT 300500 3006/3112 36015KT CAVOK=</Text>
                    </Paragraph>
                </ForecastText>
            </Forecast>
        </WeatherBulletin>
        <WeatherBulletin sequence="19">
            <Airport airportName="ASWAN INTL" airportFunction="EnRouteAlternateAirport">
                <AirportICAOCode>HESN</AirportICAOCode>
                <AirportIATACode>ASW</AirportIATACode>
            </Airport>
            <Forecast forecastTime="2025-01-30T05:00:00" forecastType="FT" forecastStartTime="2025-01-30T06:00:00" forecastEndTime="2025-01-31T12:00:00">
                <ForecastText>
                    <Paragraph sequence="1">
                        <Text>FT 300500 3006/3112 01008KT CAVOK=</Text>
                    </Paragraph>
                </ForecastText>
            </Forecast>
        </WeatherBulletin>
        <WeatherBulletin sequence="20">
            <Airport airportName="HAIL" airportFunction="EnRouteAlternateAirport">
                <AirportICAOCode>OEHL</AirportICAOCode>
                <AirportIATACode>HAS</AirportIATACode>
            </Airport>
            <Forecast forecastTime="2025-01-29T23:00:00" forecastType="FT" forecastStartTime="2025-01-30T00:00:00" forecastEndTime="2025-01-31T06:00:00">
                <ForecastText>
                    <Paragraph sequence="1">
                        <Text>FT 292300 3000/3106 VRB03KT 7000 FEW040</Text>
                    </Paragraph>
                    <Paragraph sequence="2">
                        <Text>TEMPO 3000/3005 3000 BR</Text>
                    </Paragraph>
                    <Paragraph sequence="3">
                        <Text>PROB30 3000/3006 0500 FG</Text>
                    </Paragraph>
                    <Paragraph sequence="4">
                        <Text>BECMG 3008/3010 07010KT CAVOK</Text>
                    </Paragraph>
                    <Paragraph sequence="5">
                        <Text>BECMG 3018/3020 VRB03KT=</Text>
                    </Paragraph>
                </ForecastText>
            </Forecast>
        </WeatherBulletin>
        <WeatherBulletin sequence="21">
            <Airport airportName="TABUK/PRI.SULTAN BIN ABDULAZIZ" airportFunction="EnRouteAlternateAirport">
                <AirportICAOCode>OETB</AirportICAOCode>
                <AirportIATACode>TUU</AirportIATACode>
            </Airport>
            <Forecast forecastTime="2025-01-29T23:00:00" forecastType="FT" forecastStartTime="2025-01-30T00:00:00" forecastEndTime="2025-01-31T06:00:00">
                <ForecastText>
                    <Paragraph sequence="1">
                        <Text>FT 292300 3000/3106 VRB03KT 7000 NSC</Text>
                    </Paragraph>
                    <Paragraph sequence="2">
                        <Text>BECMG 3008/3010 09010KT CAVOK</Text>
                    </Paragraph>
                    <Paragraph sequence="3">
                        <Text>BECMG 3018/3020 VRB03KT=</Text>
                    </Paragraph>
                </ForecastText>
            </Forecast>
        </WeatherBulletin>
        <WeatherBulletin sequence="22">
            <Airport airportName="GASSIM/PR. NAIF BIN ABDULAZIZ" airportFunction="EnRouteAlternateAirport">
                <AirportICAOCode>OEGS</AirportICAOCode>
                <AirportIATACode>ELQ</AirportIATACode>
            </Airport>
            <Forecast forecastTime="2025-01-29T23:00:00" forecastType="FT" forecastStartTime="2025-01-30T00:00:00" forecastEndTime="2025-01-31T06:00:00">
                <ForecastText>
                    <Paragraph sequence="1">
                        <Text>FT 292300 3000/3106 05010KT 7000 SCT040</Text>
                    </Paragraph>
                    <Paragraph sequence="2">
                        <Text>TEMPO 3000/3008 3000 BR BKN030</Text>
                    </Paragraph>
                    <Paragraph sequence="3">
                        <Text>PROB30 3000/3006 0500 FG=</Text>
                    </Paragraph>
                </ForecastText>
            </Forecast>
        </WeatherBulletin>
        <WeatherBulletin sequence="23">
            <Airport airportName="SHARM EL SHEIKH INTL" airportFunction="EnRouteAlternateAirport">
                <AirportICAOCode>HESH</AirportICAOCode>
                <AirportIATACode>SSH</AirportIATACode>
            </Airport>
            <Forecast forecastTime="2025-01-30T05:00:00" forecastType="FT" forecastStartTime="2025-01-30T06:00:00" forecastEndTime="2025-01-31T12:00:00">
                <ForecastText>
                    <Paragraph sequence="1">
                        <Text>FT 300500 3006/3112 02015KT CAVOK=</Text>
                    </Paragraph>
                </ForecastText>
            </Forecast>
        </WeatherBulletin>
        <WeatherBulletin sequence="24">
            <Airport airportName="AQABA/KING HUSSEIN INTL" airportFunction="EnRouteAlternateAirport">
                <AirportICAOCode>OJAQ</AirportICAOCode>
                <AirportIATACode>AQJ</AirportIATACode>
            </Airport>
            <Forecast forecastTime="2025-01-30T05:00:00" forecastType="FT" forecastStartTime="2025-01-30T06:00:00" forecastEndTime="2025-01-31T12:00:00">
                <ForecastText>
                    <Paragraph sequence="1">
                        <Text>FT 300500 3006/3112 36010KT 5000 HZ NSC</Text>
                    </Paragraph>
                    <Paragraph sequence="2">
                        <Text>PROB40 TEMPO 3006/3015 18010KT=</Text>
                    </Paragraph>
                </ForecastText>
            </Forecast>
        </WeatherBulletin>
        <WeatherBulletin sequence="25">
            <Airport airportName="LUXOR INTL" airportFunction="EnRouteAlternateAirport">
                <AirportICAOCode>HELX</AirportICAOCode>
                <AirportIATACode>LXR</AirportIATACode>
            </Airport>
            <Forecast forecastTime="2025-01-30T05:00:00" forecastType="FT" forecastStartTime="2025-01-30T06:00:00" forecastEndTime="2025-01-31T12:00:00">
                <ForecastText>
                    <Paragraph sequence="1">
                        <Text>FT 300500 3006/3112 VRB03KT 6000 NSC=</Text>
                    </Paragraph>
                </ForecastText>
            </Forecast>
        </WeatherBulletin>
        <WeatherBulletin sequence="26">
            <Airport airportName="TABA INTL" airportFunction="EnRouteAlternateAirport">
                <AirportICAOCode>HETB</AirportICAOCode>
                <AirportIATACode>TCP</AirportIATACode>
            </Airport>
            <Forecast forecastTime="2025-01-30T05:00:00" forecastType="FT" forecastStartTime="2025-01-30T06:00:00" forecastEndTime="2025-01-31T12:00:00">
                <ForecastText>
                    <Paragraph sequence="1">
                        <Text>FT 300500 3006/3112 03015KT CAVOK=</Text>
                    </Paragraph>
                </ForecastText>
            </Forecast>
        </WeatherBulletin>
        <WeatherBulletin sequence="27">
            <Airport airportName="ASYUT INTL" airportFunction="EnRouteAlternateAirport">
                <AirportICAOCode>HEAT</AirportICAOCode>
                <AirportIATACode>ATZ</AirportIATACode>
            </Airport>
            <Forecast forecastTime="2025-01-30T05:00:00" forecastType="FT" forecastStartTime="2025-01-30T06:00:00" forecastEndTime="2025-01-31T12:00:00">
                <ForecastText>
                    <Paragraph sequence="1">
                        <Text>FT 300500 3006/3112 32007KT 8000 NSC=</Text>
                    </Paragraph>
                </ForecastText>
            </Forecast>
        </WeatherBulletin>
        <WeatherBulletin sequence="28">
            <Airport airportName="HURGHADA INTL" airportFunction="EnRouteAlternateAirport">
                <AirportICAOCode>HEGN</AirportICAOCode>
                <AirportIATACode>HRG</AirportIATACode>
            </Airport>
            <Forecast forecastTime="2025-01-30T05:00:00" forecastType="FT" forecastStartTime="2025-01-30T06:00:00" forecastEndTime="2025-01-31T12:00:00">
                <ForecastText>
                    <Paragraph sequence="1">
                        <Text>FT 300500 3006/3112 32015KT CAVOK=</Text>
                    </Paragraph>
                </ForecastText>
            </Forecast>
        </WeatherBulletin>
        <WeatherBulletin sequence="29">
            <Airport airportName="CAIRO INTL" airportFunction="EnRouteAlternateAirport">
                <AirportICAOCode>HECA</AirportICAOCode>
                <AirportIATACode>CAI</AirportIATACode>
            </Airport>
            <Forecast forecastTime="2025-01-30T05:00:00" forecastType="FT" forecastStartTime="2025-01-30T06:00:00" forecastEndTime="2025-01-31T12:00:00">
                <ForecastText>
                    <Paragraph sequence="1">
                        <Text>FT 300500 3006/3112 02010KT CAVOK</Text>
                    </Paragraph>
                    <Paragraph sequence="2">
                        <Text>TEMPO 3006/3008 VRB03KT 4000 BR NSC=</Text>
                    </Paragraph>
                </ForecastText>
            </Forecast>
        </WeatherBulletin>
        <WeatherBulletin sequence="30">
            <Airport airportName="ALEXANDRIA/BORG EL ARAB INTL" airportFunction="EnRouteAlternateAirport">
                <AirportICAOCode>HEBA</AirportICAOCode>
                <AirportIATACode>HBE</AirportIATACode>
            </Airport>
            <Forecast forecastTime="2025-01-30T05:00:00" forecastType="FT" forecastStartTime="2025-01-30T06:00:00" forecastEndTime="2025-01-31T12:00:00">
                <ForecastText>
                    <Paragraph sequence="1">
                        <Text>FT 300500 3006/3112 32009KT 9999 SCT020=</Text>
                    </Paragraph>
                </ForecastText>
            </Forecast>
        </WeatherBulletin>
        <WeatherBulletin sequence="31">
            <Airport airportName="MERSA MATRUH" airportFunction="EnRouteAlternateAirport">
                <AirportICAOCode>HEMM</AirportICAOCode>
                <AirportIATACode>MUH</AirportIATACode>
            </Airport>
            <Forecast forecastTime="2025-01-30T05:00:00" forecastType="FT" forecastStartTime="2025-01-30T06:00:00" forecastEndTime="2025-01-31T12:00:00">
                <ForecastText>
                    <Paragraph sequence="1">
                        <Text>FT 300500 3006/3112 24004KT 9999 FEW020</Text>
                    </Paragraph>
                    <Paragraph sequence="2">
                        <Text>BECMG 3009/3011 34010KT=</Text>
                    </Paragraph>
                </ForecastText>
            </Forecast>
        </WeatherBulletin>
        <WeatherBulletin sequence="32">
            <Airport airportName="AL ALAMAIN INTL" airportFunction="EnRouteAlternateAirport">
                <AirportICAOCode>HEAL</AirportICAOCode>
                <AirportIATACode>DBB</AirportIATACode>
            </Airport>
            <Forecast forecastTime="2025-01-30T05:00:00" forecastType="FT" forecastStartTime="2025-01-30T06:00:00" forecastEndTime="2025-01-31T12:00:00">
                <ForecastText>
                    <Paragraph sequence="1">
                        <Text>FT 300500 3006/3112 24004KT 9999 FEW020</Text>
                    </Paragraph>
                    <Paragraph sequence="2">
                        <Text>BECMG 3009/3011 34010KT=</Text>
                    </Paragraph>
                </ForecastText>
            </Forecast>
        </WeatherBulletin>
        <WeatherBulletin sequence="33">
            <Airport airportName="AMMAN MARKA INTL" airportFunction="EnRouteAlternateAirport">
                <AirportICAOCode>OJAM</AirportICAOCode>
                <AirportIATACode>ADJ</AirportIATACode>
            </Airport>
            <Forecast forecastTime="2025-01-30T05:00:00" forecastType="FT" forecastStartTime="2025-01-30T06:00:00" forecastEndTime="2025-01-31T12:00:00">
                <ForecastText>
                    <Paragraph sequence="1">
                        <Text>FT 300500 3006/3112 12010KT 5000 HZ NSC</Text>
                    </Paragraph>
                    <Paragraph sequence="2">
                        <Text>BECMG 3106/3108 30010KT SCT030=</Text>
                    </Paragraph>
                </ForecastText>
            </Forecast>
        </WeatherBulletin>
        <WeatherBulletin sequence="34">
            <Airport airportName="AKROTIRI AB" airportFunction="EnRouteAlternateAirport">
                <AirportICAOCode>LCRA</AirportICAOCode>
                <AirportIATACode>AKT</AirportIATACode>
            </Airport>
            <Forecast forecastTime="2025-01-30T07:46:00" forecastType="FT" forecastStartTime="2025-01-30T09:00:00" forecastEndTime="2025-01-31T03:00:00">
                <ForecastText>
                    <Paragraph sequence="1">
                        <Text>FT 300746 3009/3103 06005KT CAVOK</Text>
                    </Paragraph>
                    <Paragraph sequence="2">
                        <Text>PROB30 TEMPO 3009/3011 29003KT</Text>
                    </Paragraph>
                    <Paragraph sequence="3">
                        <Text>BECMG 3012/3015 23005KT=</Text>
                    </Paragraph>
                </ForecastText>
            </Forecast>
        </WeatherBulletin>
        <WeatherBulletin sequence="35">
            <Airport airportName="IRAKLION/NIKOS KAZANTZAKIS" airportFunction="EnRouteAlternateAirport">
                <AirportICAOCode>LGIR</AirportICAOCode>
                <AirportIATACode>HER</AirportIATACode>
            </Airport>
            <Forecast forecastTime="2025-01-30T05:00:00" forecastType="FT" forecastStartTime="2025-01-30T06:00:00" forecastEndTime="2025-01-31T06:00:00">
                <ForecastText>
                    <Paragraph sequence="1">
                        <Text>FT 300500 3006/3106 18015G25KT 9999 FEW020 SCT080</Text>
                    </Paragraph>
                    <Paragraph sequence="2">
                        <Text>PROB40 TEMPO 3009/3015 5000 RA FEW018TCU BKN020 BKN070</Text>
                    </Paragraph>
                    <Paragraph sequence="3">
                        <Text>PROB30 TEMPO 3009/3012 4000 TSRA FEW018CB BKN025</Text>
                    </Paragraph>
                    <Paragraph sequence="4">
                        <Text>BKN070</Text>
                    </Paragraph>
                    <Paragraph sequence="5">
                        <Text>BECMG 3007/3009 22013KT=</Text>
                    </Paragraph>
                </ForecastText>
            </Forecast>
        </WeatherBulletin>
        <WeatherBulletin sequence="36">
            <Airport airportName="SITIA/VITSENTZOS KORNAROS" airportFunction="EnRouteAlternateAirport">
                <AirportICAOCode>LGST</AirportICAOCode>
                <AirportIATACode>JSH</AirportIATACode>
            </Airport>
            <Forecast forecastTime="2025-01-30T05:00:00" forecastType="FC" forecastStartTime="2025-01-30T06:00:00" forecastEndTime="2025-01-30T15:00:00">
                <ForecastText>
                    <Paragraph sequence="1">
                        <Text>FC 300500 3006/3015 19016KT 9999 FEW020 SCT070</Text>
                    </Paragraph>
                    <Paragraph sequence="2">
                        <Text>PROB40 TEMPO 3006/3012 5000 RA FEW018TCU SCT025 BKN080</Text>
                    </Paragraph>
                    <Paragraph sequence="3">
                        <Text>PROB30 TEMPO 3009/3012 3000 TSRA SCT015 FEW018CB</Text>
                    </Paragraph>
                    <Paragraph sequence="4">
                        <Text>BKN030 BKN080=</Text>
                    </Paragraph>
                </ForecastText>
            </Forecast>
        </WeatherBulletin>
        <WeatherBulletin sequence="37">
            <Airport airportName="ATHENS/ELEFTHERIOS VENIZELOS" airportFunction="EnRouteAlternateAirport">
                <AirportICAOCode>LGAV</AirportICAOCode>
                <AirportIATACode>ATH</AirportIATACode>
            </Airport>
            <Forecast forecastTime="2025-01-30T05:00:00" forecastType="FT" forecastStartTime="2025-01-30T06:00:00" forecastEndTime="2025-01-31T06:00:00">
                <ForecastText>
                    <Paragraph sequence="1">
                        <Text>FT 300500 3006/3106 17015KT 9999 FEW020 SCT070</Text>
                    </Paragraph>
                    <Paragraph sequence="2">
                        <Text>TEMPO 3009/3012 18015G25KT</Text>
                    </Paragraph>
                    <Paragraph sequence="3">
                        <Text>BECMG 3016/3018 22012KT</Text>
                    </Paragraph>
                    <Paragraph sequence="4">
                        <Text>PROB40 TEMPO 3006/3015 5000 RA FEW018TCU BKN020 BKN070</Text>
                    </Paragraph>
                    <Paragraph sequence="5">
                        <Text>PROB30 TEMPO 3008/3012 4000 TSRA FEW018CB BKN025</Text>
                    </Paragraph>
                    <Paragraph sequence="6">
                        <Text>BKN070</Text>
                    </Paragraph>
                    <Paragraph sequence="7">
                        <Text>BECMG 3015/3018 FEW020=</Text>
                    </Paragraph>
                </ForecastText>
            </Forecast>
        </WeatherBulletin>
        <WeatherBulletin sequence="38">
            <Airport airportName="CHANIA/IOANNIS DASKALOGIANNIS" airportFunction="EnRouteAlternateAirport">
                <AirportICAOCode>LGSA</AirportICAOCode>
                <AirportIATACode>CHQ</AirportIATACode>
            </Airport>
            <Forecast forecastTime="2025-01-30T05:00:00" forecastType="FT" forecastStartTime="2025-01-30T06:00:00" forecastEndTime="2025-01-31T06:00:00">
                <ForecastText>
                    <Paragraph sequence="1">
                        <Text>FT 300500 3006/3106 17015KT 9999 FEW018 SCT080</Text>
                    </Paragraph>
                    <Paragraph sequence="2">
                        <Text>PROB40 TEMPO 3006/3015 5000 RA FEW018TCU BKN020 BKN080</Text>
                    </Paragraph>
                    <Paragraph sequence="3">
                        <Text>PROB30 TEMPO 3006/3012 4000 TSRA FEW018CB BKN020</Text>
                    </Paragraph>
                    <Paragraph sequence="4">
                        <Text>BKN070</Text>
                    </Paragraph>
                    <Paragraph sequence="5">
                        <Text>BECMG 3006/3008 23012KT=</Text>
                    </Paragraph>
                </ForecastText>
            </Forecast>
        </WeatherBulletin>
        <WeatherBulletin sequence="39">
            <Airport airportName="LAMPEDUSA" airportFunction="EnRouteAlternateAirport">
                <AirportICAOCode>LICD</AirportICAOCode>
                <AirportIATACode>LMP</AirportIATACode>
            </Airport>
            <Forecast forecastTime="2025-01-30T05:00:00" forecastType="FT" forecastStartTime="2025-01-30T06:00:00" forecastEndTime="2025-01-31T06:00:00">
                <ForecastText>
                    <Paragraph sequence="1">
                        <Text>FT 300500 3006/3106 24013KT 9999 FEW020</Text>
                    </Paragraph>
                    <Paragraph sequence="2">
                        <Text>BECMG 3018/3020 18013KT=</Text>
                    </Paragraph>
                </ForecastText>
            </Forecast>
        </WeatherBulletin>
        <WeatherBulletin sequence="40">
            <Airport airportName="TRAPANI/BIRGI MIL" airportFunction="EnRouteAlternateAirport">
                <AirportICAOCode>LICT</AirportICAOCode>
                <AirportIATACode>TPS</AirportIATACode>
            </Airport>
            <Forecast forecastTime="2025-01-30T05:00:00" forecastType="FC" forecastStartTime="2025-01-30T06:00:00" forecastEndTime="2025-01-30T15:00:00">
                <ForecastText>
                    <Paragraph sequence="1">
                        <Text>FC 300500 3006/3015 33005KT CAVOK</Text>
                    </Paragraph>
                    <Paragraph sequence="2">
                        <Text>BECMG 3007/3009 14008KT 9999 SCT020 BKN050</Text>
                    </Paragraph>
                    <Paragraph sequence="3">
                        <Text>BECMG 3010/3012 20015KT=</Text>
                    </Paragraph>
                </ForecastText>
            </Forecast>
        </WeatherBulletin>
        <WeatherBulletin sequence="41">
            <Airport airportName="MALTA/LUQA" airportFunction="EnRouteAlternateAirport">
                <AirportICAOCode>LMML</AirportICAOCode>
                <AirportIATACode>MLA</AirportIATACode>
            </Airport>
            <Forecast forecastTime="2025-01-30T05:00:00" forecastType="FT" forecastStartTime="2025-01-30T06:00:00" forecastEndTime="2025-01-31T06:00:00">
                <ForecastText>
                    <Paragraph sequence="1">
                        <Text>FT 300500 3006/3106 27015KT 9999 FEW025</Text>
                    </Paragraph>
                    <Paragraph sequence="2">
                        <Text>BECMG 3018/3021 19010KT=</Text>
                    </Paragraph>
                </ForecastText>
            </Forecast>
        </WeatherBulletin>
        <WeatherBulletin sequence="42">
            <Airport airportName="COMISO" airportFunction="EnRouteAlternateAirport">
                <AirportICAOCode>LICB</AirportICAOCode>
                <AirportIATACode>CIY</AirportIATACode>
            </Airport>
            <Forecast forecastTime="2025-01-30T05:00:00" forecastType="FT" forecastStartTime="2025-01-30T06:00:00" forecastEndTime="2025-01-31T06:00:00">
                <ForecastText>
                    <Paragraph sequence="1">
                        <Text>FT 300500 3006/3106 VRB05KT 9999 FEW030</Text>
                    </Paragraph>
                    <Paragraph sequence="2">
                        <Text>TEMPO 3010/3015 27010KT=</Text>
                    </Paragraph>
                </ForecastText>
            </Forecast>
        </WeatherBulletin>
        <WeatherBulletin sequence="43">
            <Airport airportName="CATANIA/FONTANAROSSA" airportFunction="EnRouteAlternateAirport">
                <AirportICAOCode>LICC</AirportICAOCode>
                <AirportIATACode>CTA</AirportIATACode>
            </Airport>
            <Forecast forecastTime="2025-01-30T05:00:00" forecastType="FT" forecastStartTime="2025-01-30T06:00:00" forecastEndTime="2025-01-31T06:00:00">
                <ForecastText>
                    <Paragraph sequence="1">
                        <Text>FT 300500 3006/3106 28015KT CAVOK</Text>
                    </Paragraph>
                    <Paragraph sequence="2">
                        <Text>BECMG 3017/3019 26005KT=</Text>
                    </Paragraph>
                </ForecastText>
            </Forecast>
        </WeatherBulletin>
        <WeatherBulletin sequence="44">
            <Airport airportName="EL OUED/GUEMAR" airportFunction="EnRouteAlternateAirport">
                <AirportICAOCode>DAUO</AirportICAOCode>
                <AirportIATACode>ELU</AirportIATACode>
            </Airport>
            <Forecast forecastTime="2025-01-30T05:00:00" forecastType="FC" forecastStartTime="2025-01-30T06:00:00" forecastEndTime="2025-01-30T15:00:00">
                <ForecastText>
                    <Paragraph sequence="1">
                        <Text>FC 300500 3006/3015 22008KT CAVOK=</Text>
                    </Paragraph>
                </ForecastText>
            </Forecast>
        </WeatherBulletin>
        <WeatherBulletin sequence="45">
            <Airport airportName="BISKRA/MOHAMED KHIDER" airportFunction="EnRouteAlternateAirport">
                <AirportICAOCode>DAUB</AirportICAOCode>
                <AirportIATACode>BSK</AirportIATACode>
            </Airport>
            <Forecast forecastTime="2025-01-30T05:00:00" forecastType="FT" forecastStartTime="2025-01-30T06:00:00" forecastEndTime="2025-01-31T06:00:00">
                <ForecastText>
                    <Paragraph sequence="1">
                        <Text>FT 300500 3006/3106 13009KT CAVOK</Text>
                    </Paragraph>
                    <Paragraph sequence="2">
                        <Text>TEMPO 3009/3020 11015G25KT=</Text>
                    </Paragraph>
                </ForecastText>
            </Forecast>
        </WeatherBulletin>
        <WeatherBulletin sequence="46">
            <Airport airportName="KALAMATA" airportFunction="EnRouteAlternateAirport">
                <AirportICAOCode>LGKL</AirportICAOCode>
                <AirportIATACode>KLX</AirportIATACode>
            </Airport>
            <Forecast forecastTime="2025-01-30T05:00:00" forecastType="FC" forecastStartTime="2025-01-30T06:00:00" forecastEndTime="2025-01-30T15:00:00">
                <ForecastText>
                    <Paragraph sequence="1">
                        <Text>FC 300500 3006/3015 17010KT 9999 FEW016TCU SCT020 BKN080</Text>
                    </Paragraph>
                    <Paragraph sequence="2">
                        <Text>TEMPO 3006/3015 5000 RA BKN020 BKN080</Text>
                    </Paragraph>
                    <Paragraph sequence="3">
                        <Text>PROB40 3006/3015 3000 TSRA FEW018CB BKN020 OVC080</Text>
                    </Paragraph>
                    <Paragraph sequence="4">
                        <Text>BECMG 3013/3015 32008KT=</Text>
                    </Paragraph>
                </ForecastText>
            </Forecast>
        </WeatherBulletin>
        <WeatherBulletin sequence="47">
            <Airport airportName="TABARKA/AIN DRAHAM" airportFunction="EnRouteAlternateAirport">
                <AirportICAOCode>DTKA</AirportICAOCode>
                <AirportIATACode>TBJ</AirportIATACode>
            </Airport>
            <Forecast forecastTime="2025-01-30T06:00:00" forecastType="FC" forecastStartTime="2025-01-30T07:00:00" forecastEndTime="2025-01-30T16:00:00">
                <ForecastText>
                    <Paragraph sequence="1">
                        <Text>FC 300600 3007/3016 12005KT 9999 SCT020=</Text>
                    </Paragraph>
                </ForecastText>
            </Forecast>
        </WeatherBulletin>
        <WeatherBulletin sequence="48">
            <Airport airportName="SETIF/8 MAI 45" airportFunction="EnRouteAlternateAirport">
                <AirportICAOCode>DAAS</AirportICAOCode>
                <AirportIATACode>QSF</AirportIATACode>
            </Airport>
            <Forecast forecastTime="2025-01-30T05:00:00" forecastType="FT" forecastStartTime="2025-01-30T06:00:00" forecastEndTime="2025-01-31T06:00:00">
                <ForecastText>
                    <Paragraph sequence="1">
                        <Text>FT 300500 3006/3106 26009KT CAVOK</Text>
                    </Paragraph>
                    <Paragraph sequence="2">
                        <Text>PROB30 TEMPO 3009/3019 23015G25KT=</Text>
                    </Paragraph>
                </ForecastText>
            </Forecast>
        </WeatherBulletin>
    </WeatherBulletins>
</AirportWeather>
