<?xml version="1.0" encoding="UTF-8"?>
<AirspaceData flightPlanId="OFP9" xsi:schemaLocation="http://aeec.aviation-ia.net/633 AirspaceData.xsd" xmlns="http://aeec.aviation-ia.net/633" xmlns:xsi="http://www.w3.org/2001/XMLSchema-instance">
<M633Header timestamp="2025-01-30T07:59:31Z" versionNumber="3"/> 
<M633SupplementaryHeader>
    <Flight flightOriginDate="2025-01-30Z" scheduledTimeOfDeparture="2025-01-30T12:00:00Z">
        <FlightIdentification>
            <FlightIdentifier>LBT4669</FlightIdentifier>
                <FlightNumber airlineIATACode="BJ" number="4669" >
                    <CommercialFlightNumber>BJ4669</CommercialFlightNumber>
                </FlightNumber>
             </FlightIdentification>
        <DepartureAirport airportFunction="DepartureAirport" airportName="JEDDAH/KING ABDULAZIZ INTL">
            <AirportICAOCode>OEJN</AirportICAOCode>
            <AirportIATACode>JED</AirportIATACode>
        </DepartureAirport>
        <ArrivalAirport airportFunction="ArrivalAirport" airportName="TUNIS/CARTHAGE">
            <AirportICAOCode>DTTA</AirportICAOCode>
            <AirportIATACode>TUN</AirportIATACode>
        </ArrivalAirport>
    </Flight>
    <Aircraft aircraftRegistration="TSINL" >
        <AircraftModel airlineSpecificSubType="1.21">
            <AircraftICAOType>A20N</AircraftICAOType>
        </AircraftModel>
    </Aircraft>
</M633SupplementaryHeader>
    <Airspace airspaceName="JEDDAH_FIR" airspaceType="FIR" airspaceICAOCode="OEJD">
        <Entry cumulatedFlightTime="PT0H0M00S">
            <Coordinates latitude="+78052" longitude="+140962">N2140.9 E03909.4</Coordinates>
            <CumulatedGroundDistance unit="NM">0</CumulatedGroundDistance>
        </Entry>
        <Exit cumulatedFlightTime="PT0H36M38S">
            <Coordinates  latitude="+88633" longitude="+131683">N2437.2 E03634.7</Coordinates>
            <CumulatedGroundDistance unit="NM">231</CumulatedGroundDistance>
        </Exit>
        <GroundDistance unit="NM">0</GroundDistance>
    </Airspace>
    <Airspace airspaceName="CAIRO_FIR" airspaceType="FIR" airspaceICAOCode="HECC">
        <Entry cumulatedFlightTime="PT0H36M33S">
            <Coordinates latitude="+88607" longitude="+131706">N2436.8 E03635.1</Coordinates>
            <CumulatedGroundDistance unit="NM">230</CumulatedGroundDistance>
        </Entry>
        <Exit cumulatedFlightTime="PT2H49M49S">
            <Coordinates  latitude="+122400" longitude="+90539">N3400.0 E02509.0</Coordinates>
            <CumulatedGroundDistance unit="NM">1090</CumulatedGroundDistance>
        </Exit>
        <GreatCircleDistance unit="NM">230</GreatCircleDistance>
        <GroundDistance unit="NM">230</GroundDistance>
    </Airspace>
    <Airspace airspaceName="HELLAS_UIR" airspaceType="UIR" airspaceICAOCode="LGGG">
        <Entry cumulatedFlightTime="PT2H49M49S">
            <Coordinates latitude="+122400" longitude="+90540">N3400.0 E02509.0</Coordinates>
            <CumulatedGroundDistance unit="NM">1090</CumulatedGroundDistance>
        </Entry>
        <Exit cumulatedFlightTime="PT3H7M44S">
            <Coordinates  latitude="+124651" longitude="+82800">N3437.5 E02300.0</Coordinates>
            <CumulatedGroundDistance unit="NM">1203</CumulatedGroundDistance>
        </Exit>
        <GreatCircleDistance unit="NM">1057</GreatCircleDistance>
        <GroundDistance unit="NM">1090</GroundDistance>
    </Airspace>
    <Airspace airspaceName="MALTA_UIR" airspaceType="UIR" airspaceICAOCode="LMMM">
        <Entry cumulatedFlightTime="PT3H7M44S">
            <Coordinates latitude="+124651" longitude="+82800">N3437.5 E02300.0</Coordinates>
            <CumulatedGroundDistance unit="NM">1203</CumulatedGroundDistance>
        </Entry>
        <Exit cumulatedFlightTime="PT4H35M19S">
            <Coordinates  latitude="+131408" longitude="+43615">N3630.1 E01206.9</Coordinates>
            <CumulatedGroundDistance unit="NM">1747</CumulatedGroundDistance>
        </Exit>
        <GreatCircleDistance unit="NM">1160</GreatCircleDistance>
        <GroundDistance unit="NM">1203</GroundDistance>
    </Airspace>
    <Airspace airspaceName="ROME_UIR" airspaceType="UIR" airspaceICAOCode="LIRR">
        <Entry cumulatedFlightTime="PT4H35M14S">
            <Coordinates latitude="+131400" longitude="+43657">N3630.0 E01207.6</Coordinates>
            <CumulatedGroundDistance unit="NM">1746</CumulatedGroundDistance>
        </Entry>
        <Exit cumulatedFlightTime="PT4H40M07S">
            <Coordinates  latitude="+131832" longitude="+41400">N3637.2 E01130.0</Coordinates>
            <CumulatedGroundDistance unit="NM">1777</CumulatedGroundDistance>
        </Exit>
        <GreatCircleDistance unit="NM">1652</GreatCircleDistance>
        <GroundDistance unit="NM">1746</GroundDistance>
    </Airspace>
    <Airspace airspaceName="TUNIS_UIR" airspaceType="UIR" airspaceICAOCode="DTTC">
        <Entry cumulatedFlightTime="PT4H40M07S">
            <Coordinates latitude="+131832" longitude="+41400">N3637.2 E01130.0</Coordinates>
            <CumulatedGroundDistance unit="NM">1777</CumulatedGroundDistance>
        </Entry>
        <Exit cumulatedFlightTime="PT4H46M27S">
            <Coordinates  latitude="+132359" longitude="+38542">N3646.0 E01042.4</Coordinates>
            <CumulatedGroundDistance unit="NM">1817</CumulatedGroundDistance>
        </Exit>
        <GreatCircleDistance unit="NM">1681</GreatCircleDistance>
        <GroundDistance unit="NM">1777</GroundDistance>
    </Airspace>
    <Airspace airspaceName="TUNIS_FIR" airspaceType="FIR" airspaceICAOCode="DTTC">
        <Entry cumulatedFlightTime="PT4H46M27S">
            <Coordinates latitude="+132359" longitude="+38542">N3646.0 E01042.4</Coordinates>
            <CumulatedGroundDistance unit="NM">1817</CumulatedGroundDistance>
        </Entry>
        <Exit cumulatedFlightTime="PT5H2M33S">
            <Coordinates  latitude="+132664" longitude="+36817">N3651.1 E01013.6</Coordinates>
            <CumulatedGroundDistance unit="NM">1885</CumulatedGroundDistance>
        </Exit>
        <GreatCircleDistance unit="NM">1718</GreatCircleDistance>
        <GroundDistance unit="NM">1817</GroundDistance>
    </Airspace>
</AirspaceData>