<?xml version="1.0" encoding="ISO-8859-1"?>
<FlightPlanAtcIcao flightPlanId="OFP9" xsi:schemaLocation="http://aeec.aviation-ia.net/633 FlightPlanAtcIcao.xsd" xmlns="http://aeec.aviation-ia.net/633" xmlns:xsi="http://www.w3.org/2001/XMLSchema-instance">
	<M633Header timestamp="2025-01-30T07:59:30" versionNumber="3" />
	<M633SupplementaryHeader>
		<Flight flightOriginDate="2025-01-30" scheduledTimeOfDeparture="2025-01-30T12:00:00Z">
			<FlightIdentification>
				<FlightIdentifier>LBT4669</FlightIdentifier>
				<FlightNumber airlineIATACode="BJ" number="4669">
					<CommercialFlightNumber>BJ4669</CommercialFlightNumber>
				</FlightNumber>
			</FlightIdentification>
			<DepartureAirport>
				<AirportICAOCode>OEJN</AirportICAOCode>
				<AirportIATACode>JED</AirportIATACode>
			</DepartureAirport>
			<ArrivalAirport>
				<AirportICAOCode>DTTA</AirportICAOCode>
				<AirportIATACode>TUN</AirportIATACode>
			</ArrivalAirport>
		</Flight>
		<Aircraft aircraftRegistration="TSINL">
			<AircraftModel>
				<AircraftICAOType>A20N</AircraftICAOType>
			</AircraftModel>
		</Aircraft>
	</M633SupplementaryHeader>
	<AtcMessageText>
		<Paragraph sequence="1">
			<Text>FF OEJNZPZX OEJNZGZX OEJDZRZX OEJDZTZX OEJNYFYX OEJDZQZX OEJDYXYX</Text>
		</Paragraph>
		<Paragraph sequence="2">
			<Text>OEDFZAZX HECCZQZX EUCHZMFP EUCBZMFP DTTCZQZX DTTCZRZX DTTAZAZX</Text>
		</Paragraph>
		<Paragraph sequence="3">
			<Text>DTTAZPZX DTTAZTZX</Text>
		</Paragraph>
		<Paragraph sequence="4">
			<Text>DTMBLBTO</Text>
		</Paragraph>
		<Paragraph sequence="5">
			<Text>(FPL-LBT4669-IN</Text>
		</Paragraph>
		<Paragraph sequence="6">
			<Text>-A20N/M-SDFGHIJ1LORVWY/LB1G1</Text>
		</Paragraph>
		<Paragraph sequence="7">
			<Text>-OEJN1200</Text>
		</Paragraph>
		<Paragraph sequence="8">
			<Text>-N0455F360 BOMOX M686 LXR P751 KUNKI/N0454F380 P751 METRU UP868</Text>
		</Paragraph>
		<Paragraph sequence="9">
			<Text>ARLOS DCT DOBIX DCT SONAK UR781 TUC DCT</Text>
		</Paragraph>
		<Paragraph sequence="10">
			<Text>-DTTA0453 DTNH</Text>
		</Paragraph>
		<Paragraph sequence="11">
			<Text>-PBN/B1D1O1S2 COM/CPDLC DOF/250130 REG/TSINL EET/HECC0036 LGGG0249</Text>
		</Paragraph>
		<Paragraph sequence="12">
			<Text>LMMM0307 LIRR0435 DTTC0440 SEL/MPER CODE/02A1AB OPR/LBT PER/C)</Text>
		</Paragraph>
	</AtcMessageText>
	<AtcMessageDetails messageType="FPL" messagePriority="FF">
		<Addressees addresses="OEJNZPZX OEJNZGZX OEJDZRZX OEJDZTZX OEJNYFYX DTTAZAZX DTTAZPZX DTTAZTZX OEJDZQZX OEJDYXYX OEDFZAZX HECCZQZX EUCHZMFP EUCBZMFP DTTCZQZX DTTCZRZX" />
		<Originator address="DTMBLBTO" />
		<Items>
			<Item7 aTCCallsign="LBT4669" />
			<Item8 flightRules="I" typeOfFlight="N" />
			<Item9 typeOfAircraft="A20N" wakeTurbulence="M" />
			<Item10 aircraftEquipment="SDFGHIJ1LORVWY/LB1G1" />
			<Item13 departureAirport="OEJN" departureTime="1200" />
			<Item15 cruisingSpeed="N0455" cruisingLevel="F360" route="BOMOX M686 LXR P751 KUNKI/N0454F380 P751 METRU UP868 ARLOS DCT DOBIX DCT SONAK UR781 TUC DCT" />
			<Item16 arrivalAirport="DTTA" estimatedFlightTime="0453" alternateAirport="DTNH" />
			<Item18 otherInformation="PBN/B1D1O1S2 COM/CPDLC DOF/250130 REG/TSINL EET/HECC0036 LGGG0249 LMMM0307 LIRR0435 DTTC0440 SEL/MPER CODE/02A1AB OPR/LBT PER/C">
				<PBN>B1D1O1S2</PBN>
				<COM>CPDLC</COM>
				<DOF>250130</DOF>
				<REG>TSINL</REG>
				<EET>HECC0036 LGGG0249 LMMM0307 LIRR0435 DTTC0440</EET>
				<SEL>MPER</SEL>
				<CODE>02A1AB</CODE>
				<OPR>LBT</OPR>
				<PER>C</PER>
			</Item18>
		</Items>
	</AtcMessageDetails>
</FlightPlanAtcIcao>
