<?xml version="1.0" encoding="UTF-8"?>
<RaimBriefing xmlns:xsi="http://www.w3.org/2001/XMLSchema-instance" effectiveTill="2025-01-30T20:34:52Z" effectiveFrom="2025-01-30T12:00:00Z" creationTime="2025-01-30T07:59:32.155Z" predictionStatus="PredictionDataFound" xsi:noNamespaceSchemaLocation="RaimBriefingEFF.xsd">
 <RaimPositions>
  <Airport airportName="CAIRO INTL" iataCode="CAI" icaoCode="HECA">
   <AirportRole sequence="16" priority="1" effectiveFrom="2025-01-30T13:54:20Z" effectiveTill="2025-01-30T16:54:20Z" airportCategory="EnrouteAirport">
    <Outages maskAngle="5.0" baroAided="true" integrityLevel="0.3"/>
   </AirportRole>
  </Airport>
  <Airport airportName="LUXOR INTL" iataCode="LXR" icaoCode="HELX">
   <AirportRole sequence="16" priority="1" effectiveFrom="2025-01-30T13:13:25Z" effectiveTill="2025-01-30T16:13:25Z" airportCategory="EnrouteAirport">
    <Outages maskAngle="5.0" baroAided="true" integrityLevel="0.3"/>
   </AirportRole>
  </Airport>
  <Airport airportName="ASWAN INTL" iataCode="ASW" icaoCode="HESN">
   <AirportRole sequence="16" priority="1" effectiveFrom="2025-01-30T12:52:50Z" effectiveTill="2025-01-30T15:52:50Z" airportCategory="EnrouteAirport">
    <Outages maskAngle="5.0" baroAided="true" integrityLevel="0.3"/>
   </AirportRole>
  </Airport>
  <Airport airportName="ASMARA INTL" iataCode="ASM" icaoCode="HHAS">
   <AirportRole sequence="16" priority="1" effectiveFrom="2025-01-30T13:06:31Z" effectiveTill="2025-01-30T16:06:31Z" airportCategory="EnrouteAirport">
    <Outages maskAngle="5.0" baroAided="true" integrityLevel="0.3"/>
   </AirportRole>
  </Airport>
  <Airport airportName="IRAKLION/NIKOS KAZANTZAKIS" iataCode="HER" icaoCode="LGIR">
   <AirportRole sequence="16" priority="1" effectiveFrom="2025-01-30T14:47:27Z" effectiveTill="2025-01-30T17:47:27Z" airportCategory="EnrouteAirport">
    <Outages maskAngle="5.0" baroAided="true" integrityLevel="0.3"/>
   </AirportRole>
  </Airport>
  <Airport airportName="CATANIA/FONTANAROSSA" iataCode="CTA" icaoCode="LICC">
   <AirportRole sequence="16" priority="1" effectiveFrom="2025-01-30T15:44:50Z" effectiveTill="2025-01-30T18:44:50Z" airportCategory="EnrouteAirport">
    <Outages maskAngle="5.0" baroAided="true" integrityLevel="0.3"/>
   </AirportRole>
  </Airport>
  <Airport airportName="MALTA/LUQA" iataCode="MLA" icaoCode="LMML">
   <AirportRole sequence="16" priority="1" effectiveFrom="2025-01-30T15:39:45Z" effectiveTill="2025-01-30T18:39:45Z" airportCategory="EnrouteAirport">
    <Outages maskAngle="5.0" baroAided="true" integrityLevel="0.3"/>
   </AirportRole>
  </Airport>
  <Airport airportName="JEDDAH/KING ABDULAZIZ INTL" iataCode="JED" icaoCode="OEJN">
   <AirportRole usedApproach="TKOF" sequence="1" priority="1" effectiveFrom="2025-01-30T11:13:00Z" effectiveTill="2025-01-30T13:13:00Z" airportCategory="DepartureAirport">
    <Outages maskAngle="5.0" baroAided="true" integrityLevel="0.3"/>
    <Outages maskAngle="5.0" baroAided="true" integrityLevel="1.0"/>
   </AirportRole>
   <AirportRole sequence="16" priority="2" effectiveFrom="2025-01-30T12:20:44Z" effectiveTill="2025-01-30T15:20:44Z" airportCategory="EnrouteAirport">
    <Outages maskAngle="5.0" baroAided="true" integrityLevel="0.3"/>
    <Outages maskAngle="5.0" baroAided="true" integrityLevel="1.0"/>
   </AirportRole>
  </Airport>
  <Airport airportName="MADINAH/PR.MOHAMMAD BIN ABDULA" iataCode="MED" icaoCode="OEMA">
   <AirportRole sequence="16" priority="1" effectiveFrom="2025-01-30T12:30:26Z" effectiveTill="2025-01-30T15:30:26Z" airportCategory="EnrouteAirport">
    <Outages maskAngle="5.0" baroAided="true" integrityLevel="0.3"/>
   </AirportRole>
  </Airport>
  <Airport airportName="AMMAN MARKA INTL" iataCode="ADJ" icaoCode="OJAM">
   <AirportRole sequence="16" priority="1" effectiveFrom="2025-01-30T14:27:43Z" effectiveTill="2025-01-30T17:27:43Z" airportCategory="EnrouteAirport">
    <Outages maskAngle="5.0" baroAided="true" integrityLevel="0.3"/>
   </AirportRole>
  </Airport>
  <Airport airportName="LAMPEDUSA" iataCode="LMP" icaoCode="LICD">
   <AirportRole sequence="16" priority="1" effectiveFrom="2025-01-30T15:30:57Z" effectiveTill="2025-01-30T18:30:57Z" airportCategory="EnrouteAirport">
    <Outages maskAngle="5.0" baroAided="true" integrityLevel="0.3"/>
   </AirportRole>
  </Airport>
  <Airport airportName="AQABA/KING HUSSEIN INTL" iataCode="AQJ" icaoCode="OJAQ">
   <AirportRole sequence="16" priority="1" effectiveFrom="2025-01-30T13:13:15Z" effectiveTill="2025-01-30T16:13:15Z" airportCategory="EnrouteAirport">
    <Outages maskAngle="5.0" baroAided="true" integrityLevel="0.3"/>
   </AirportRole>
  </Airport>
  <Airport airportName="HURGHADA INTL" iataCode="HRG" icaoCode="HEGN">
   <AirportRole sequence="16" priority="1" effectiveFrom="2025-01-30T13:30:16Z" effectiveTill="2025-01-30T16:30:16Z" airportCategory="EnrouteAirport">
    <Outages maskAngle="5.0" baroAided="true" integrityLevel="0.3"/>
   </AirportRole>
  </Airport>
  <Airport airportName="SHARM EL SHEIKH INTL" iataCode="SSH" icaoCode="HESH">
   <AirportRole sequence="16" priority="1" effectiveFrom="2025-01-30T13:01:51Z" effectiveTill="2025-01-30T16:01:51Z" airportCategory="EnrouteAirport">
    <Outages maskAngle="5.0" baroAided="true" integrityLevel="0.3"/>
   </AirportRole>
  </Airport>
  <Airport airportName="WEJH" iataCode="EJH" icaoCode="OEWJ">
   <AirportRole sequence="16" priority="1" effectiveFrom="2025-01-30T12:43:29Z" effectiveTill="2025-01-30T15:43:29Z" airportCategory="EnrouteAirport">
    <Outages maskAngle="5.0" baroAided="true" integrityLevel="0.3"/>
    <Outages maskAngle="5.0" baroAided="true" integrityLevel="1.0"/>
   </AirportRole>
  </Airport>
  <Airport airportName="TAIF/TAIF INTL AIRPORT" iataCode="TIF" icaoCode="OETF">
   <AirportRole sequence="16" priority="1" effectiveFrom="2025-01-30T12:29:13Z" effectiveTill="2025-01-30T15:29:13Z" airportCategory="EnrouteAirport">
    <Outages maskAngle="5.0" baroAided="true" integrityLevel="0.3"/>
    <Outages maskAngle="5.0" baroAided="true" integrityLevel="1.0"/>
   </AirportRole>
  </Airport>
  <Airport airportName="HAIL" iataCode="HAS" icaoCode="OEHL">
   <AirportRole sequence="16" priority="1" effectiveFrom="2025-01-30T12:55:34Z" effectiveTill="2025-01-30T15:55:34Z" airportCategory="EnrouteAirport">
    <Outages maskAngle="5.0" baroAided="true" integrityLevel="0.3"/>
   </AirportRole>
  </Airport>
  <Airport airportName="EL KHARGA" iataCode="UVL" icaoCode="HEKG">
   <AirportRole sequence="16" priority="1" effectiveFrom="2025-01-30T13:39:57Z" effectiveTill="2025-01-30T16:39:57Z" airportCategory="EnrouteAirport">
    <Outages maskAngle="5.0" baroAided="true" integrityLevel="0.3"/>
   </AirportRole>
  </Airport>
  <Airport airportName="PORT SUDAN" iataCode="PZU" icaoCode="HSPN">
   <AirportRole sequence="16" priority="1" effectiveFrom="2025-01-30T12:37:12Z" effectiveTill="2025-01-30T15:37:12Z" airportCategory="EnrouteAirport">
    <Outages maskAngle="5.0" baroAided="true" integrityLevel="0.3"/>
   </AirportRole>
  </Airport>
  <Airport airportName="YENBO/PR ABDUL MOHSIN B ABDUL" iataCode="YNB" icaoCode="OEYN">
   <AirportRole sequence="16" priority="1" effectiveFrom="2025-01-30T12:25:29Z" effectiveTill="2025-01-30T15:25:29Z" airportCategory="EnrouteAirport">
    <Outages maskAngle="5.0" baroAided="true" integrityLevel="0.3"/>
   </AirportRole>
  </Airport>
  <Airport airportName="TABA INTL" iataCode="TCP" icaoCode="HETB">
   <AirportRole sequence="16" priority="1" effectiveFrom="2025-01-30T13:13:32Z" effectiveTill="2025-01-30T16:13:32Z" airportCategory="EnrouteAirport">
    <Outages maskAngle="5.0" baroAided="true" integrityLevel="0.3"/>
   </AirportRole>
  </Airport>
  <Airport airportName="ASYUT INTL" iataCode="ATZ" icaoCode="HEAT">
   <AirportRole sequence="16" priority="1" effectiveFrom="2025-01-30T13:24:40Z" effectiveTill="2025-01-30T16:24:40Z" airportCategory="EnrouteAirport">
    <Outages maskAngle="5.0" baroAided="true" integrityLevel="0.3"/>
   </AirportRole>
  </Airport>
  <Airport airportName="MERSA MATRUH" iataCode="MUH" icaoCode="HEMM">
   <AirportRole sequence="16" priority="1" effectiveFrom="2025-01-30T14:10:19Z" effectiveTill="2025-01-30T17:10:19Z" airportCategory="EnrouteAirport">
    <Outages maskAngle="5.0" baroAided="true" integrityLevel="0.3"/>
   </AirportRole>
  </Airport>
  <Airport airportName="ALEXANDRIA/BORG EL ARAB INTL" iataCode="HBE" icaoCode="HEBA">
   <AirportRole sequence="16" priority="1" effectiveFrom="2025-01-30T14:05:49Z" effectiveTill="2025-01-30T17:05:49Z" airportCategory="EnrouteAirport">
    <Outages maskAngle="5.0" baroAided="true" integrityLevel="0.3"/>
   </AirportRole>
  </Airport>
  <Airport airportName="MARSA ALAM INTL" iataCode="RMF" icaoCode="HEMA">
   <AirportRole sequence="16" priority="1" effectiveFrom="2025-01-30T12:47:37Z" effectiveTill="2025-01-30T15:47:37Z" airportCategory="EnrouteAirport">
    <Outages maskAngle="5.0" baroAided="true" integrityLevel="0.3"/>
   </AirportRole>
  </Airport>
  <Airport airportName="AL ALAMAIN INTL" iataCode="DBB" icaoCode="HEAL">
   <AirportRole sequence="16" priority="1" effectiveFrom="2025-01-30T14:22:07Z" effectiveTill="2025-01-30T17:22:07Z" airportCategory="EnrouteAirport">
    <Outages maskAngle="5.0" baroAided="true" integrityLevel="0.3"/>
   </AirportRole>
  </Airport>
  <Airport airportName="ATHENS/ELEFTHERIOS VENIZELOS" iataCode="ATH" icaoCode="LGAV">
   <AirportRole sequence="16" priority="1" effectiveFrom="2025-01-30T15:14:12Z" effectiveTill="2025-01-30T18:14:12Z" airportCategory="EnrouteAirport">
    <Outages maskAngle="5.0" baroAided="true" integrityLevel="0.3"/>
    <Outages maskAngle="5.0" baroAided="true" integrityLevel="1.0"/>
   </AirportRole>
  </Airport>
  <Airport airportName="ALULA INTL" iataCode="ULH" icaoCode="OEAO">
   <AirportRole sequence="16" priority="1" effectiveFrom="2025-01-30T12:42:37Z" effectiveTill="2025-01-30T15:42:37Z" airportCategory="EnrouteAirport">
    <Outages maskAngle="5.0" baroAided="true" integrityLevel="0.3"/>
   </AirportRole>
  </Airport>
 </RaimPositions>
 <Flight airlineICAOCode="LBT" airlineIATACode="BJ" number="4669" date="2025-01-30Z">
  <DepartureAirport iataCode="JED" icaoCode="OEJN"/>
  <DestinationAirport iataCode="TUN" icaoCode="DTTA"/>
 </Flight>
 <Satellites minimumNumber="30"/>
</RaimBriefing>
