Date of Flight,Time of Departure,Flight Number,DepartureAirport,ArrivalAirport,TaxiFuel,TripFuel,ContingencyFuel,BlockFuel,FinalReserve,Additional Fuel (tonnes),Fuel for other safety rules (tonnes),Discretionary Fuel,Extra Fuel,Reason,Economic tankering category in the flight plan,AlternateFuel,Alternate Arrival Airport,FOB,Air Distance (NM),Carbon Emission (kg)
14/05/2024,16:15:00,104,DTMB,DTMB,0.111,0.409,0.2,2.456,1.2,0.0,0,0.311,0,TankCapacityReached,,0.536,NBE,2.145,34,0.964
14/05/2024,16:15:00,104,DTMB,DTMB,0.111,0.409,0.2,2.456,1.2,0.0,0,0.311,0,TankCapacityReached,,0.536,NBE,2.145,34,0.964
15/07/2024,12:30:00,2022,DTTJ,EDDL,0.111,7.303,0.365,9.701,1.2,0.0,0,0.476,0,MaxLandingWeightReached,,0.722,MST,9.225,1171,1.476
17/09/2024,13:45:00,215,EDDL,DTMB,0.172,6.243,0.312,8.791,1.2,0.0,0,0.484,0,price,price,0.864,NBE,8.307,1018,1.5
28/09/2024,13:30:00,215,EDDL,DTMB,0.197,6.477,0.324,9.529,1.2,0.439,0,0.521,0,price,price,0.892,NBE,9.008,1026,1.615
06/10/2024,10:10:00,215,EDDL,DTMB,0.197,6.181,0.309,11.688,1.2,2.937,0,0.506,0,price,price,0.864,NBE,11.182,974,1.569
10/09/2024,13:45:00,2312,DTMB,EDDV,0.098,6.509,0.325,9.56,1.2,0.0,0,0.423,0,MaxLandingWeightReached,,1.428,HAM,9.137,1080,1.311
05/07/2024,10:15:00,2340,DTTJ,EDDL,0.111,6.548,0.327,8.91,1.2,0.0,0,0.438,0,MaxLandingWeightReached,,0.724,MST,8.472,1102,1.358
19/07/2024,14:25:00,2341,EDDL,DTTJ,0.197,7.019,0.351,10.471,1.2,0.0,0,0.548,0,MaxLandingWeightReached,,1.704,NBE,9.923,1127,1.699
30/06/2024,13:45:00,2598,DTMB,EDDV,0.098,5.954,0.298,8.928,1.2,0.0,0,0.396,0,MaxLandingWeightReached,,1.378,HAM,8.532,1014,1.228
08/09/2024,04:00:00,2636,DTMB,EDDV,0.098,6.565,0.328,9.628,1.2,0.0,0,0.426,0,MaxLandingWeightReached,,1.437,HAM,9.202,1036,1.321
15/09/2024,04:00:00,2636,DTMB,EDDV,0.098,6.97,0.349,10.109,1.2,0.0,0,0.447,0,MaxLandingWeightReached,,1.492,HAM,9.662,1110,1.386
21/05/2024,12:35:00,2637,EDDF,DTMB,0.271,6.124,0.306,11.188,1.2,2.346,0,0.577,0,price,price,0.941,NBE,10.611,962,1.789
28/06/2024,04:30:00,2806,DTTJ,EDDV,0.111,7.116,0.356,10.156,1.2,0.0,0,0.467,0,MaxLandingWeightReached,,1.373,HAM,9.689,1173,1.448
08/04/2024,14:00:00,362,DTMB,EBBR,0.111,5.792,0.29,8.34,1.2,0.0,0,0.401,0,MaxLandingWeightReached,,0.947,MST,7.939,1009,1.243
30/12/2024,13:00:00,234,DTTA,EDDF,0.113,5.439,0.272,8.317,1.2,0.0,0,0.385,0,MaxLandingWeightReached,,1.293,CGN,7.932,884,1.193
17/07/2024,13:30:00,246,DTTA,EDDF,0.113,5.264,0.263,8.103,1.2,0.0,0,0.376,0,MaxLandingWeightReached,,1.263,CGN,7.727,906,1.166
19/10/2024,13:30:00,362,DTMB,EBBR,0.098,6.295,0.315,8.911,1.2,0.0,0,0.413,0,MaxLandingWeightReached,,1.003,LGG,8.498,1013,1.28
08/04/2024,17:40:00,363,EBBR,DTMB,0.16,6.677,0.334,13.217,1.2,4.0,0,0.494,0,price,price,0.846,NBE,12.723,1058,1.531
19/10/2024,17:10:00,363,EBBR,DTMB,0.16,6.484,0.324,11.084,1.2,2.033,0,0.484,0,price,price,0.883,NBE,10.6,1027,1.5
22/06/2024,14:15:00,384,DTTJ,EBBR,0.111,7.003,0.35,9.626,1.2,0.0,0,0.461,0,MaxLandingWeightReached,,0.962,LIL,9.165,1193,1.429
27/04/2024,18:25:00,385,EBBR,DTTJ,0.16,6.983,0.349,10.203,1.2,0.0,0,0.509,0,MaxLandingWeightReached,,1.511,MIR,9.694,1124,1.578
18/05/2024,18:25:00,385,EBBR,DTTJ,0.16,7.128,0.356,15.644,1.2,5.298,0,0.516,0,price,price,1.502,NBE,15.128,1154,1.6
20/07/2024,18:25:00,385,EBBR,DTTJ,0.16,7.18,0.359,13.78,1.2,3.257,0,0.519,0,price,price,1.624,NBE,13.261,1132,1.609
17/08/2024,18:25:00,385,EBBR,DTTJ,0.16,6.113,0.306,9.299,1.2,0.0,0,0.466,0,price,price,1.52,NBE,8.833,1096,1.445
22/09/2024,08:35:00,511,LFPG,DTTA,0.185,5.859,0.293,12.294,1.2,3.945,0,0.478,0,price,price,0.812,NBE,11.816,920,1.482
01/11/2024,14:30:00,542,DTMB,LFPG,0.098,5.551,0.278,8.36,1.2,0.0,0,0.376,0,MaxLandingWeightReached,,1.233,ORY,7.984,874,1.166
17/10/2024,14:25:00,543,LFPG,DTMB,0.185,6.44,0.322,9.008,1.2,0.0,0,0.507,0,MaxLandingWeightReached,,0.861,NBE,8.501,1030,1.572
13/04/2024,08:05:00,569,LFPG,DTMB,0.185,5.871,0.294,8.402,1.2,0.0,0,0.479,0,MaxLandingWeightReached,,0.852,NBE,7.923,934,1.485
08/11/2024,14:30:00,598,DTTA,LFLL,0.111,4.121,0.206,6.752,1.2,0.0,0,0.317,0,MaxLandingWeightReached,,1.114,GVA,6.435,616,0.983
21/08/2024,02:30:00,702,DTTJ,LFPG,0.111,7.18,0.359,10.062,1.2,0.0,0,0.47,0,MaxLandingWeightReached,,1.212,ORY,9.592,1133,1.457
28/08/2024,02:25:00,7246,DTTJ,LJLJ,0.111,4.976,0.249,7.451,1.2,0.0,0,0.36,0,price,price,0.915,KLU,7.091,804,1.116
04/07/2024,08:15:00,7476,DTMB,EPPO,0.098,7.299,0.365,10.236,1.2,0.0,0,0.463,0,MaxLandingWeightReached,,1.274,WRO,9.773,1180,1.435
31/12/2024,10:55:00,763,LFQQ,DTTJ,0.111,6.671,0.334,9.213,1.2,0.0,0,0.445,0,TankCapacityReached,,0.897,SFA,8.768,1183,1.379
28/06/2024,06:50:00,7655,EPKT,DTTJ,0.123,6.841,0.342,10.087,1.2,0.0,0,0.465,0,MaxLandingWeightReached,,1.581,MIR,9.622,1104,1.441
08/11/2024,08:15:00,776,DTTA,LFST,0.111,4.934,0.247,7.822,1.2,0.0,0,0.358,0,price,price,1.33,STR,7.464,769,1.11
16/10/2024,14:00:00,TST,DTTA,LTFM,0.111,6.163,0.308,9.225,1.2,0.0,0,0.419,0,MaxLandingWeightReached,,1.443,TEQ,8.806,965,1.299
30/04/2024,16:00:00,001,DTMB,LFPG,0.113,5.591,0.28,8.433,1.2,0.0,0,0.393,0,MaxLandingWeightReached,,1.249,ORY,8.04,876,1.218
16/11/2024,06:00:00,166,DTTA,LFSB,0.113,4.774,0.239,7.78,1.2,0.0,0,0.352,0,MaxLandingWeightReached,,1.454,GVA,7.428,758,1.091
16/11/2024,09:10:00,167,LFSB,DTTA,0.138,4.348,0.217,6.663,1.2,0.0,0,0.355,0,MaxLandingWeightReached,,0.76,NBE,6.308,732,1.101
20/12/2024,05:25:00,184,DTTA,LSGG,0.113,4.199,0.21,7.029,1.2,0.0,0,0.323,0,price,price,1.307,LYS,6.706,707,1.001
11/12/2024,13:15:00,204,DTTA,EDDL,0.113,5.901,0.295,8.769,1.2,0.0,0,0.408,0,MaxLandingWeightReached,,1.26,CGN,8.361,958,1.265
27/10/2024,09:30:00,205,EDDL,DTTA,0.201,6.296,0.315,9.054,1.2,0.0,0,0.516,0,MaxLandingWeightReached,,1.042,NBE,8.538,1027,1.6
11/06/2024,13:45:00,2312,DTMB,EDDV,0.101,6.127,0.306,9.163,1.2,0.0,0,0.407,0,MaxLandingWeightReached,,1.429,HAM,8.756,1007,1.262
08/11/2024,17:35:00,233,EDDB,DTTA,0.189,6.278,0.314,8.791,1.2,0.0,0,0.503,0,MaxLandingWeightReached,,0.81,NBE,8.288,1019,1.559
11/12/2024,09:45:00,233,EDDB,DTTA,0.189,6.571,0.329,13.925,1.2,4.824,0,0.518,0,price,price,0.812,NBE,13.407,1025,1.606
21/12/2024,06:25:00,2608,DTTJ,EDDF,0.113,6.422,0.321,9.318,1.2,0.0,0,0.434,0,TankCapacityReached,,1.262,CGN,8.884,1148,1.345
12/11/2024,13:00:00,280,DTTA,EDDM,0.113,4.774,0.239,7.258,1.2,0.0,0,0.352,0,MaxLandingWeightReached,,0.932,NUE,6.906,754,1.091
27/09/2024,08:15:00,281,EDDM,DTTA,0.163,5.234,0.262,11.462,1.2,3.786,0,0.425,0,price,price,0.817,NBE,11.037,802,1.317
22/11/2024,12:20:00,281,EDDM,DTTA,0.163,4.735,0.237,13.471,1.2,6.377,0,0.4,0,price,price,0.759,NBE,13.071,742,1.24
07/09/2024,08:00:00,2825,EDDL,DTMB,0.201,6.304,0.315,8.942,1.2,0.0,0,0.516,0,MaxLandingWeightReached,,0.922,NBE,8.426,1041,1.6
26/07/2024,13:00:00,2872,DTTJ,EDDP,0.113,6.589,0.329,9.203,1.2,0.0,0,0.442,0,MaxLandingWeightReached,,0.972,ERF,8.761,1119,1.37
17/05/2024,09:10:00,2873,EDDV,EDDP,0.113,1.237,0.2,3.615,1.2,0.0,0,0.313,0,price,price,0.865,DRS,3.302,147,0.97
24/07/2024,20:15:00,4528,DTTA,LTAI,0.113,6.209,0.31,9.741,1.2,0.0,0,0.423,0,MaxLandingWeightReached,,1.909,BJV,9.318,985,1.311
02/12/2024,08:00:00,508,DTTJ,LFPG,0.113,6.901,0.345,9.818,1.2,0.0,0,0.458,0,MaxLandingWeightReached,,1.259,ORY,9.36,1089,1.42
13/10/2024,05:00:00,510,DTTA,LFPG,0.113,5.814,0.291,8.594,1.2,0.0,0,0.404,0,MaxLandingWeightReached,,1.176,ORY,8.19,949,1.252
19/11/2024,06:30:00,510,DTTA,LFPG,0.113,5.665,0.283,8.212,1.2,0.0,0,0.396,0,MaxLandingWeightReached,,0.951,ORY,7.816,902,1.228
26/09/2024,19:45:00,521,LFPG,DTTA,0.189,5.845,0.292,12.705,1.2,4.369,0,0.481,0,price,price,0.81,NBE,12.224,905,1.491
31/12/2024,06:30:00,542,DTMB,LFPG,0.101,5.983,0.299,9.191,1.2,0.0,0,0.4,0,MaxLandingWeightReached,,1.608,BRU,8.791,948,1.24
17/11/2024,06:15:00,598,DTTA,LFLL,0.113,4.116,0.206,7.391,1.2,0.0,0,0.319,0,MaxLandingWeightReached,,1.756,MRS,7.072,621,0.989
03/12/2024,14:00:00,598,DTTA,LFLL,0.113,4.292,0.215,6.941,1.2,0.0,0,0.328,0,MaxLandingWeightReached,,1.121,GVA,6.613,661,1.017
15/12/2024,14:25:00,635,LIMC,DTTA,0.201,3.711,0.2,6.1,1.2,0.0,0,0.401,0,MaxLandingWeightReached,,0.788,NBE,5.699,559,1.243
27/06/2024,06:30:00,7432,DTMB,EPKT,0.101,6.265,0.313,8.584,1.2,0.0,0,0.414,0,MaxLandingWeightReached,,0.705,KRK,8.17,1016,1.283
30/05/2024,06:20:00,7477,EPPO,DTMB,0.113,6.379,0.319,8.966,1.2,0.0,0,0.432,0,MaxLandingWeightReached,,0.955,NBE,8.534,1057,1.339
30/05/2024,13:55:00,7489,EPWA,DTMB,0.189,7.116,0.356,15.661,1.2,5.866,0,0.545,0,price,price,0.934,NBE,15.116,1123,1.689
15/06/2024,14:30:00,757,LFQQ,DTTA,0.113,6.11,0.306,8.562,1.2,0.0,0,0.419,0,MaxLandingWeightReached,,0.833,NBE,8.143,972,1.299
11/06/2024,06:30:00,7615,EPKT,DTTJ,0.113,7.386,0.369,10.56,1.2,0.0,0,0.482,0,MaxLandingWeightReached,,1.492,MIR,10.078,1207,1.494
09/09/2024,04:15:00,7679,EPLB,DTMB,0.189,7.621,0.381,10.276,1.2,0.0,0,0.57,0,MaxLandingWeightReached,,0.885,NBE,9.706,1248,1.767
09/12/2024,16:35:00,777,LFST,DTTA,0.138,4.962,0.248,7.337,1.2,0.0,0,0.386,0,MaxLandingWeightReached,,0.789,NBE,6.951,820,1.197
08/08/2024,19:35:00,845,EGKK,DTTA,0.189,6.491,0.325,11.245,1.2,2.217,0,0.514,0,price,price,0.823,NBE,10.731,1006,1.593
09/07/2024,13:10:00,131,DAAG,DTTA,0.126,2.763,0.2,5.127,1.2,0.0,0,0.326,0,MaxLandingWeightReached,,0.838,NBE,4.801,365,1.011
27/08/2024,13:45:00,215,EDDL,DTMB,0.201,6.246,0.312,8.821,1.2,0.0,0,0.513,0,MaxLandingWeightReached,,0.862,NBE,8.308,1040,1.59
08/10/2024,13:45:00,215,EDDL,DTMB,0.201,6.912,0.346,9.512,1.2,0.0,0,0.547,0,price,price,0.853,NBE,8.965,1145,1.696
11/10/2024,07:45:00,215,EDDL,DTMB,0.201,6.753,0.338,13.551,1.2,4.181,0,0.539,0,price,price,0.878,NBE,13.012,1041,1.671
26/10/2024,09:15:00,2334,EDDV,EDDH,0.151,1.49,0.2,4.322,1.2,0.0,0,0.351,0,MaxLandingWeightReached,,1.281,HAJ,3.971,165,1.088
27/09/2024,13:55:00,2341,EDDL,DTTJ,0.201,7.698,0.385,11.049,1.2,0.0,0,0.586,0,MaxLandingWeightReached,,1.565,MIR,10.463,1222,1.817
25/12/2024,07:00:00,234,DTTA,EDDF,0.113,5.884,0.294,8.758,1.2,0.0,0,0.407,0,MaxLandingWeightReached,,1.267,CGN,8.351,994,1.262
19/10/2024,08:30:00,2613,EDDS,DTMB,0.176,5.445,0.272,7.948,1.2,0.0,0,0.448,0,MaxLandingWeightReached,,0.855,NBE,7.5,892,1.389
09/11/2024,07:15:00,2640,DTTJ,EDDL,0.113,7.283,0.364,10.241,1.2,0.0,0,0.477,0,MaxLandingWeightReached,,1.281,CGN,9.764,1157,1.479
30/11/2024,11:25:00,2641,EDDL,DTTJ,0.201,6.268,0.313,9.536,1.2,0.0,0,0.514,0,MaxLandingWeightReached,,1.554,MIR,9.022,1059,1.593
01/12/2024,08:00:00,508,DTTJ,LFPG,0.113,7.319,0.366,10.623,1.2,0.0,0,0.479,0,MaxLandingWeightReached,,1.625,BRU,10.144,1150,1.485
02/12/2024,08:00:00,508,DTTJ,LFPG,0.113,6.988,0.349,9.923,1.2,0.0,0,0.462,0,MaxLandingWeightReached,,1.273,ORY,9.461,1089,1.432
15/10/2024,21:55:00,521,LFPG,DTTA,0.189,5.912,0.296,8.589,1.2,0.0,0,0.485,0,MaxLandingWeightReached,,0.992,NBE,8.104,927,1.504
29/09/2024,13:00:00,568,DTMB,LFPG,0.101,7.145,0.357,10.068,1.2,0.0,0,0.458,0,MaxLandingWeightReached,,1.265,ORY,9.61,1103,1.42
17/08/2024,17:40:00,6148,DTTJ,LPPT,0.113,7.582,0.379,10.617,1.2,0.0,0,0.492,0,MaxLandingWeightReached,,1.343,FAO,10.125,1208,1.525
13/08/2024,06:55:00,703,LFPG,DTTJ,0.189,7.074,0.354,12.56,1.2,2.707,0,0.543,0,price,price,1.036,SFA,12.017,1076,1.683
07/09/2024,10:20:00,723,LFRS,DTTA,0.126,5.325,0.266,7.94,1.2,0.0,0,0.392,0,MaxLandingWeightReached,,1.023,NBE,7.548,870,1.215
30/09/2024,14:00:00,7430,DTMB,EPPO,0.101,6.993,0.35,9.913,1.2,0.0,0,0.451,0,MaxLandingWeightReached,,1.269,WRO,9.462,1122,1.398
08/08/2024,05:55:00,7631,EPPO,DTTJ,0.113,7.634,0.382,10.852,1.2,0.0,0,0.495,0,MaxLandingWeightReached,,1.523,MIR,10.357,1235,1.535
21/10/2024,12:30:00,2022,DTTJ,EDDL,0.115,6.907,0.345,9.84,1.2,0.0,0,0.46,0,MaxLandingWeightReached,,1.273,CGN,9.38,1085,1.426
11/11/2024,12:45:00,2022,DTTJ,EDDL,0.115,7.247,0.362,10.138,1.2,0.0,0,0.477,0,MaxLandingWeightReached,,1.214,CGN,9.661,1184,1.479
26/09/2024,14:10:00,215,EDDL,DTMB,0.205,6.685,0.334,9.31,1.2,0.0,0,0.539,0,price,price,0.886,NBE,8.771,1065,1.671
20/05/2024,07:20:00,2161,EDDM,DTMB,0.166,5.622,0.281,11.868,1.2,3.75,0,0.447,0,price,price,0.849,NBE,11.421,849,1.386
28/09/2024,03:05:00,2402,DTMB,EDDM,0.102,4.735,0.237,7.577,1.2,0.0,0,0.339,0,MaxLandingWeightReached,,1.303,STR,7.238,746,1.051
12/10/2024,09:00:00,2609,EDDF,DTTJ,0.128,6.333,0.317,9.537,1.2,0.0,0,0.445,0,MaxLandingWeightReached,,1.559,MIR,9.092,994,1.38
23/11/2024,16:40:00,2637,EDDF,DTMB,0.128,5.5,0.275,10.108,1.2,2.15,0,0.403,0,price,price,0.855,NBE,9.705,868,1.249
12/07/2024,04:30:00,2806,DTTJ,EDDV,0.115,6.756,0.338,9.761,1.2,0.0,0,0.453,0,TankCapacityReached,,1.352,HAM,9.308,1160,1.404
01/11/2024,04:30:00,2806,DTTJ,EDDV,0.115,6.846,0.342,9.948,1.2,0.0,0,0.457,0,MaxLandingWeightReached,,1.445,HAM,9.491,1109,1.417
01/11/2024,04:30:00,2806,DTTJ,EDDV,0.115,6.782,0.339,9.881,1.2,0.0,0,0.454,0,MaxLandingWeightReached,,1.445,HAM,9.427,1099,1.407
01/11/2024,08:50:00,2807,EDDV,DTTJ,0.154,7.503,0.375,10.746,1.2,0.0,0,0.529,0,MaxLandingWeightReached,,1.514,MIR,10.217,1206,1.64
18/10/2024,13:00:00,2872,DTTJ,EDDP,0.115,6.481,0.324,9.371,1.2,0.0,0,0.439,0,MaxLandingWeightReached,,1.251,BER,8.932,1042,1.361
12/10/2024,18:40:00,2967,EDDL,DTTJ,0.205,6.819,0.341,9.556,1.2,0.0,0,0.546,0,MaxLandingWeightReached,,0.991,SFA,9.01,1111,1.693
23/09/2024,14:10:00,363,EBBR,DTMB,0.166,7.116,0.356,15.638,1.2,5.961,0,0.522,0,price,price,0.839,NBE,15.116,1135,1.618
24/10/2024,09:45:00,508,DTTJ,LFPG,0.115,6.653,0.333,9.55,1.2,0.0,0,0.448,0,MaxLandingWeightReached,,1.249,ORY,9.102,1051,1.389
13/09/2024,20:20:00,521,LFPG,DTTA,0.192,5.227,0.261,13.447,1.2,5.791,0,0.453,0,price,price,0.776,NBE,12.994,795,1.404
25/11/2024,06:30:00,542,DTMB,LFPG,0.102,5.677,0.284,8.564,1.2,0.0,0,0.386,0,MaxLandingWeightReached,,1.301,ORY,8.178,917,1.197
30/10/2024,14:00:00,554,DTTJ,LFPG,0.115,6.741,0.337,9.603,1.2,0.0,0,0.452,0,MaxLandingWeightReached,,1.21,ORY,9.151,1082,1.401
10/04/2024,13:15:00,572,DTMB,LFLL,0.102,4.342,0.217,7.057,1.2,0.0,0,0.319,0,MaxLandingWeightReached,,1.196,GVA,6.738,691,0.989
16/10/2024,02:30:00,702,DTTJ,LFPG,0.115,6.105,0.305,8.962,1.2,0.0,0,0.42,0,MaxLandingWeightReached,,1.237,ORY,8.542,1012,1.302
04/07/2024,02:10:00,7404,DTMB,EPWA,0.102,7.753,0.388,11.261,1.2,0.0,0,0.49,0,MaxLandingWeightReached,,1.818,KRK,10.771,1264,1.519
12/08/2024,02:50:00,748,DTTJ,LFPG,0.115,6.651,0.333,9.528,1.2,0.0,0,0.448,0,MaxLandingWeightReached,,1.229,ORY,9.08,1056,1.389
22/07/2024,06:55:00,749,LFPG,DTTJ,0.192,6.44,0.322,9.178,1.2,0.0,0,0.514,0,MaxLandingWeightReached,,1.024,SFA,8.664,1014,1.593
03/10/2024,23:15:00,7637,EPKT,DTTA,0.128,6.259,0.313,14.711,1.2,6.1,0,0.441,0,price,price,0.711,NBE,14.27,1172,1.367
20/10/2024,02:30:00,7646,DTTJ,EPWA,0.115,7.649,0.382,11.033,1.2,0.0,0,0.497,0,MaxLandingWeightReached,,1.687,KTW,10.536,1239,1.541
20/10/2024,06:45:00,7647,EPWA,DTTJ,0.192,7.42,0.371,10.669,1.2,0.0,0,0.563,0,MaxLandingWeightReached,,1.486,MIR,10.106,1232,1.745
17/10/2024,01:35:00,7666,DTTJ,EPWA,0.115,7.832,0.392,11.312,1.2,0.0,0,0.507,0,MaxLandingWeightReached,,1.773,KRK,10.805,1252,1.572
17/12/2024,07:40:00,844,DTTA,EGKK,0.115,5.586,0.279,8.14,1.2,0.0,0,0.394,0,TankCapacityReached,,0.96,STN,7.746,1068,1.221
19/12/2024,07:30:00,844,DTTA,EGKK,0.115,5.529,0.276,8.081,1.2,0.0,0,0.391,0,TankCapacityReached,,0.961,STN,7.69,1073,1.212
23/09/2024,12:25:00,135,LFSB,DTTJ,0.135,5.83,0.292,8.444,1.2,0.0,0,0.427,0,MaxLandingWeightReached,,0.987,SFA,8.017,959,1.324
17/11/2024,06:00:00,204,DTTA,EDDL,0.111,6.087,0.304,8.82,1.2,0.0,0,0.415,0,MaxLandingWeightReached,,1.118,CGN,8.405,991,1.287
31/07/2024,10:15:00,214,DTMB,EDDL,0.098,6.59,0.33,8.969,1.2,0.0,0,0.428,0,MaxLandingWeightReached,,0.751,MST,8.541,1053,1.327
29/09/2024,06:15:00,214,DTMB,EDDL,0.098,7.558,0.378,9.968,1.2,0.0,0,0.476,0,MaxLandingWeightReached,,0.734,MST,9.492,1147,1.476
29/09/2024,10:10:00,215,EDDL,DTMB,0.197,5.892,0.295,10.85,1.2,2.366,0,0.492,0,price,price,0.9,NBE,10.358,905,1.525
29/06/2024,13:35:00,2423,EDDB,DTTJ,0.185,7.401,0.37,10.712,1.2,0.0,0,0.555,0,MaxLandingWeightReached,,1.556,MIR,10.157,1208,1.72
29/11/2024,13:15:00,2598,DTMB,EDDV,0.098,7.16,0.358,10.238,1.2,0.0,0,0.456,0,MaxLandingWeightReached,,1.422,HAM,9.782,1191,1.414
19/07/2024,08:15:00,281,EDDM,DTTA,0.16,4.645,0.232,7.067,1.2,0.0,0,0.392,0,MaxLandingWeightReached,,0.83,NBE,6.675,711,1.215
27/10/2024,02:15:00,2972,DTTJ,EDDL,0.111,6.691,0.335,9.597,1.2,0.0,0,0.446,0,MaxLandingWeightReached,,1.26,CGN,9.151,1073,1.383
28/08/2024,09:00:00,397,EBBR,DTTA,0.16,5.675,0.284,14.122,1.2,6.027,0,0.444,0,price,price,0.776,NBE,13.678,924,1.376
15/10/2024,06:00:00,510,DTTA,LFPG,0.111,5.302,0.265,8.106,1.2,0.0,0,0.376,0,MaxLandingWeightReached,,1.228,ORY,7.73,870,1.166
09/12/2024,09:35:00,595,LFMN,DTMB,0.098,3.453,0.2,5.806,1.2,0.0,0,0.298,0,MaxLandingWeightReached,,0.855,NBE,5.508,521,0.924
02/05/2024,02:00:00,7404,DTMB,EPWA,0.111,6.395,0.32,9.78,1.2,0.0,0,0.431,0,MaxLandingWeightReached,,1.754,POZ,9.349,1069,1.336
20/06/2024,14:30:00,763,LFQQ,DTTJ,0.111,7.759,0.388,10.427,1.2,0.0,0,0.499,0,MaxLandingWeightReached,,0.969,SFA,9.928,1296,1.547
25/12/2024,07:00:00,776,DTTA,LFST,0.111,5.367,0.268,7.96,1.2,0.0,0,0.379,0,price,price,1.014,BSL,7.581,906,1.175
25/12/2024,10:05:00,777,LFST,DTTA,0.086,4.644,0.232,6.914,1.2,0.0,0,0.318,0,MaxLandingWeightReached,,0.752,NBE,6.596,741,0.986
12/11/2024,07:40:00,844,DTTA,EGKK,0.111,5.6,0.28,8.257,1.2,0.0,0,0.391,0,MaxLandingWeightReached,,1.066,STN,7.866,996,1.212
08/06/2024,18:30:00,845,EGKK,DTTA,0.185,6.313,0.316,8.918,1.2,0.0,0,0.501,0,MaxLandingWeightReached,,0.904,NBE,8.417,1053,1.553
16/12/2024,11:00:00,718,DTMB,LFPO,0.098,4.763,0.238,7.218,1.2,0.0,0,0.336,0,TankCapacityReached,,0.919,CDG,6.882,950,1.042
02/05/2024,23:25:00,066,DTTA,DTMB,0.112,0.925,0.2,3.195,1.2,0.0,0,0.312,0,price,price,0.758,NBE,2.883,104,0.967
12/07/2024,04:00:00,066,DTMB,DTTA,0.099,0.82,0.2,3.904,1.2,0.0,0,0.299,0,price,price,1.585,DJE,3.605,86,0.927
30/06/2024,12:45:00,071,DTMB,DTTA,0.099,0.844,0.2,3.13,1.2,0.0,0,0.299,0,TankCapacityReached,,0.787,NBE,2.831,86,0.927
19/11/2024,10:10:00,167,LFSB,DTTA,0.136,4.263,0.213,6.578,1.2,0.0,0,0.349,0,MaxLandingWeightReached,,0.766,NBE,6.229,730,1.082
01/09/2024,10:10:00,215,EDDL,DTMB,0.198,6.27,0.314,8.938,1.2,0.0,0,0.512,0,MaxLandingWeightReached,,0.956,NBE,8.426,1012,1.587
04/06/2024,08:50:00,2636,DTMB,EDDF,0.099,5.727,0.286,8.588,1.2,0.0,0,0.385,0,MaxLandingWeightReached,,1.276,CGN,8.203,950,1.193
25/12/2024,08:05:00,508,DTTJ,LFPG,0.112,7.269,0.363,10.129,1.2,0.0,0,0.475,0,MaxLandingWeightReached,,1.185,ORY,9.654,1163,1.472
25/12/2024,12:05:00,509,LFPG,DTTJ,0.186,6.377,0.319,9.115,1.2,0.0,0,0.505,0,MaxLandingWeightReached,,1.033,SFA,8.61,1005,1.566
16/12/2024,15:00:00,520,DTTA,LFPG,0.112,5.469,0.273,8.25,1.2,0.0,0,0.385,0,MaxLandingWeightReached,,1.196,ORY,7.865,915,1.193
14/12/2024,18:35:00,521,LFPG,DTTA,0.186,5.277,0.264,7.743,1.2,0.0,0,0.45,0,MaxLandingWeightReached,,0.816,NBE,7.293,833,1.395
16/12/2024,18:35:00,521,LFPG,DTTA,0.186,5.504,0.275,7.987,1.2,0.0,0,0.461,0,MaxLandingWeightReached,,0.822,NBE,7.526,865,1.429
19/10/2024,18:45:00,572,DTMB,LFLL,0.099,4.423,0.221,7.696,1.2,0.0,0,0.32,0,MaxLandingWeightReached,,1.753,MRS,7.376,680,0.992
08/12/2024,08:00:00,574,DTTJ,LFLL,0.112,5.55,0.278,8.256,1.2,0.0,0,0.39,0,MaxLandingWeightReached,,1.116,GVA,7.866,881,1.209
12/04/2024,18:45:00,598,DTTA,LFLL,0.112,3.794,0.2,6.955,1.2,0.0,0,0.312,0,MaxLandingWeightReached,,1.649,MRS,6.643,617,0.967
20/10/2024,19:50:00,635,LIMC,DTTA,0.198,3.721,0.2,6.128,1.2,0.0,0,0.398,0,MaxLandingWeightReached,,0.809,NBE,5.73,576,1.234
06/05/2024,07:20:00,7418,EPWA,EPKT,0.186,1.746,0.2,10.236,1.2,6.241,0,0.386,0,price,price,0.663,KRK,9.85,203,1.197
04/08/2024,01:00:00,7470,DTMB,EPKT,0.099,6.086,0.304,9.34,1.2,0.0,0,0.403,0,MaxLandingWeightReached,,1.651,POZ,8.937,1001,1.249
12/10/2024,20:40:00,779,LFQQ,DTMB,0.112,5.844,0.292,8.286,1.2,0.0,0,0.404,0,MaxLandingWeightReached,,0.838,NBE,7.882,1016,1.252
24/11/2024,09:30:00,1000,DAAG,LFPG,0.126,5.225,0.261,9.476,1.2,0.0,0,0.387,0,MaxLandingWeightReached,,2.664,LYS,9.089,783,1.2
15/12/2024,13:30:00,1001,LFPG,DAAG,0.189,4.82,0.241,8.526,1.2,0.0,0,0.43,0,price,price,2.076,ORN,8.096,734,1.333
10/12/2024,10:40:00,1074,DAAG,LFQQ,0.126,5.341,0.267,8.365,1.2,0.0,0,0.393,0,MaxLandingWeightReached,,1.431,CDG,7.972,896,1.218
21/12/2024,01:25:00,6232,DAAT,DAAJ,0.126,2.123,0.2,6.047,1.2,0.0,0,0.326,0,MaxLandingWeightReached,,2.398,TMR,5.721,270,1.011
15/11/2024,14:00:00,002,DTMB,LFPG,0.101,6.477,0.324,9.256,1.2,0.0,0,0.425,0,MaxLandingWeightReached,,1.154,ORY,8.831,1128,1.318
07/10/2024,16:40:00,2023,EDDL,DTTJ,0.201,7.487,0.374,10.835,1.2,0.0,0,0.575,0,MaxLandingWeightReached,,1.573,MIR,10.26,1175,1.783
29/10/2024,02:30:00,2210,DTMB,EDDP,0.113,6.957,0.348,12.811,1.2,0.0,0,0.461,0,MaxLandingWeightReached,,1.293,BER,12.35,1044,1.429
24/05/2024,13:00:00,232,DTTA,EDDB,0.113,5.805,0.29,8.688,1.2,0.0,0,0.403,0,MaxLandingWeightReached,,1.28,DRS,8.285,982,1.249
24/04/2024,13:50:00,233,EDDB,DTTA,0.189,5.889,0.294,8.322,1.2,0.0,0,0.483,0,TankCapacityReached,,0.75,NBE,7.839,1012,1.497
29/08/2024,00:15:00,4529,LTAI,DTTA,0.189,7.068,0.353,9.654,1.2,0.0,0,0.542,0,MaxLandingWeightReached,,0.844,NBE,9.112,1104,1.68
15/11/2024,14:30:00,542,DTMB,LFPG,0.101,6.135,0.307,8.964,1.2,0.0,0,0.408,0,MaxLandingWeightReached,,1.221,ORY,8.556,965,1.265
26/08/2024,19:50:00,624,DTTA,LEMD,0.113,5.309,0.265,8.481,1.2,0.0,0,0.378,0,MaxLandingWeightReached,,1.594,VLC,8.103,780,1.172
28/04/2024,07:50:00,641,LTFM,DTTA,0.314,6.63,0.332,9.579,1.2,0.0,0,0.646,0,MaxLandingWeightReached,,1.103,NBE,8.933,1002,2.003
09/10/2024,13:45:00,713,LFST,DTTJ,0.088,5.875,0.294,8.439,1.2,0.0,0,0.382,0,MaxLandingWeightReached,,0.982,SFA,8.057,943,1.184
27/04/2024,14:30:00,757,LFQQ,DTTA,0.113,6.779,0.339,9.299,1.2,0.0,0,0.452,0,MaxLandingWeightReached,,0.868,NBE,8.847,1043,1.401
06/10/2024,16:55:00,763,LFQQ,DTTJ,0.113,7.373,0.369,10.647,1.2,0.0,0,0.482,0,MaxLandingWeightReached,,1.592,MIR,10.165,1150,1.494
08/12/2024,06:00:00,204,DTTA,EDDL,0.095,4.559,0.228,6.927,1.0,0.0,0,0.323,0,MaxLandingWeightReached,,1.045,CGN,6.604,935,1.001
25/12/2024,13:15:00,204,DTTA,EDDL,0.095,4.908,0.245,7.224,1.0,0.0,0,0.34,0,MaxLandingWeightReached,,0.976,CGN,6.884,1026,1.054
02/12/2024,07:30:00,232,DTTA,EDDB,0.158,4.841,0.242,7.605,1.0,0.0,0,0.4,0,MaxLandingWeightReached,,1.364,HAJ,7.205,996,1.24
23/12/2024,07:30:00,232,DTTA,EDDB,0.095,4.896,0.245,7.261,1.0,0.0,0,0.34,0,MaxLandingWeightReached,,1.025,DRS,6.921,1013,1.054
20/12/2024,13:15:00,2598,DTMB,EDDV,0.084,5.567,0.278,8.167,1.0,0.0,0,0.362,0,MaxLandingWeightReached,,1.238,HAM,7.805,1115,1.122
15/11/2024,15:00:00,520,DTTA,LFPG,0.158,4.616,0.231,7.051,1.0,0.0,0,0.389,0,MaxLandingWeightReached,,1.046,ORY,6.662,887,1.206
23/11/2024,15:00:00,520,DTTA,LFPG,0.158,4.85,0.243,7.353,1.0,0.0,0,0.401,0,MaxLandingWeightReached,,1.102,ORY,6.952,933,1.243
28/10/2024,18:35:00,521,LFPG,DTTA,0.21,4.429,0.221,6.647,1.0,0.0,0,0.431,0,MaxLandingWeightReached,,0.787,NBE,6.216,873,1.336
23/11/2024,18:35:00,521,LFPG,DTTA,0.158,4.147,0.207,6.204,1.0,0.0,0,0.365,0,MaxLandingWeightReached,,0.692,NBE,5.839,842,1.131
16/12/2024,06:30:00,542,DTMB,LFPG,0.084,4.569,0.228,6.633,1.0,0.0,0,0.312,0,MaxLandingWeightReached,,0.752,ORY,6.321,969,0.967
26/10/2024,07:00:00,722,DTTA,LFRS,0.158,4.338,0.217,7.468,1.0,0.0,0,0.375,0,MaxLandingWeightReached,,1.755,CDG,7.093,828,1.163
05/11/2024,07:40:00,844,DTTA,EGKK,0.158,5.086,0.254,7.437,1.0,0.0,0,0.412,0,MaxLandingWeightReached,,0.939,STN,7.025,984,1.277
14/12/2024,07:20:00,844,DTTA,EGKK,0.095,4.585,0.229,6.732,1.0,0.0,0,0.324,0,TankCapacityReached,,0.823,STN,6.408,1047,1.004
16/11/2024,11:20:00,845,EGKK,DTTA,0.263,4.895,0.245,7.057,1.0,0.0,0,0.508,0,MaxLandingWeightReached,,0.654,NBE,6.549,1052,1.575
03/12/2024,11:45:00,845,EGKK,DTTA,0.158,4.468,0.223,6.481,1.0,0.0,0,0.381,0,MaxLandingWeightReached,,0.632,NBE,6.1,965,1.181
03/12/2024,14:15:00,184,DTTA,LSGG,0.095,3.628,0.2,6.132,1.0,0.0,0,0.295,0,MaxLandingWeightReached,,1.209,LYS,5.837,701,0.914
21/12/2024,06:45:00,206,DTTA,EDDL,0.095,4.817,0.241,7.085,1.0,0.0,0,0.336,0,MaxLandingWeightReached,,0.932,CGN,6.749,1010,1.042
20/12/2024,06:55:00,234,DTTA,EDDF,0.095,4.301,0.215,6.67,1.0,0.0,0,0.31,0,MaxLandingWeightReached,,1.059,CGN,6.36,928,0.961
29/11/2024,10:20:00,235,EDDF,DTTA,0.105,3.921,0.2,12.267,1.0,6.383,0,0.305,0,price,price,0.658,NBE,11.962,742,0.945
29/11/2024,14:30:00,396,DTTA,EBBR,0.158,5.39,0.27,7.688,1.0,0.0,0,0.428,0,MaxLandingWeightReached,,0.87,LIL,7.26,1053,1.327
18/12/2024,14:00:00,396,DTTA,EBBR,0.095,4.937,0.247,7.032,1.0,0.0,0,0.342,0,MaxLandingWeightReached,,0.753,LGG,6.69,1010,1.06
08/12/2024,18:15:00,397,EBBR,DTTA,0.137,4.938,0.247,8.196,1.0,1.184,0,0.384,0,price,price,0.69,NBE,7.812,944,1.19
30/11/2024,06:30:00,510,DTTA,LFPG,0.158,4.768,0.238,7.208,1.0,0.0,0,0.396,0,MaxLandingWeightReached,,1.044,ORY,6.812,940,1.228
09/12/2024,06:30:00,510,DTTA,LFPG,0.095,4.339,0.217,6.59,1.0,0.0,0,0.312,0,MaxLandingWeightReached,,0.939,ORY,6.278,885,0.967
30/11/2024,10:05:00,511,LFPG,DTTA,0.158,4.343,0.217,6.405,1.0,0.0,0,0.375,0,MaxLandingWeightReached,,0.687,NBE,6.03,830,1.163
17/11/2024,07:00:00,640,DTTA,LTFM,0.158,4.863,0.243,7.274,1.0,0.0,0,0.401,0,MaxLandingWeightReached,,1.01,TEQ,6.873,998,1.243
19/11/2024,06:00:00,640,DTTA,LTFM,0.158,4.701,0.235,7.242,1.0,0.0,0,0.393,0,MaxLandingWeightReached,,1.148,TEQ,6.849,946,1.218
22/11/2024,06:00:00,640,DTTA,LTFM,0.158,4.413,0.221,6.976,1.0,0.0,0,0.379,0,MaxLandingWeightReached,,1.184,TEQ,6.597,909,1.175
17/11/2024,10:45:00,641,LTFM,DTTA,0.263,4.811,0.241,7.002,1.0,0.0,0,0.504,0,MaxLandingWeightReached,,0.687,NBE,6.498,962,1.562
24/11/2024,10:45:00,641,LTFM,DTTA,0.263,4.687,0.234,6.889,1.0,0.0,0,0.497,0,MaxLandingWeightReached,,0.705,NBE,6.392,957,1.541
30/12/2024,13:30:00,776,DTTA,LFST,0.095,4.066,0.203,6.285,1.0,0.0,0,0.298,0,price,price,0.921,BSL,5.987,803,0.924
21/08/2024,06:00:00,204,DTTA,EDDL,0.115,6.242,0.312,8.962,1.2,0.0,0,0.427,0,MaxLandingWeightReached,,1.093,MST,8.535,982,1.324
21/08/2024,09:40:00,205,EDDL,DTTA,0.205,5.231,0.262,7.643,1.2,0.0,0,0.467,0,TankCapacityReached,,0.745,NBE,7.176,937,1.448
29/09/2024,09:10:00,205,EDDL,DTTA,0.205,5.315,0.266,7.803,1.2,0.0,0,0.471,0,MaxLandingWeightReached,,0.817,NBE,7.332,829,1.46
23/11/2024,10:55:00,215,EDDL,DTMB,0.205,5.956,0.298,8.546,1.2,0.0,0,0.503,0,MaxLandingWeightReached,,0.887,NBE,8.043,946,1.559
08/11/2024,13:15:00,2598,DTMB,EDDV,0.102,6.436,0.322,9.488,1.2,0.0,0,0.424,0,MaxLandingWeightReached,,1.428,HAM,9.064,1030,1.314
05/10/2024,11:45:00,2636,DTMB,EDDF,0.102,6.728,0.336,9.67,1.2,0.0,0,0.438,0,MaxLandingWeightReached,,1.304,CGN,9.232,1055,1.358
28/04/2024,09:50:00,397,EBBR,DTTA,0.166,6.357,0.318,10.595,1.2,1.5,0,0.484,0,price,price,1.054,NBE,10.111,997,1.5
01/12/2024,14:30:00,542,DTMB,LFPG,0.102,6.406,0.32,9.304,1.2,0.0,0,0.422,0,MaxLandingWeightReached,,1.276,ORY,8.882,1005,1.308
15/12/2024,16:00:00,588,DTTJ,LFML,0.115,4.599,0.23,7.637,1.2,0.0,0,0.345,0,MaxLandingWeightReached,,1.493,NCE,7.292,720,1.069
23/11/2024,14:30:00,594,DTMB,LFMN,0.102,3.65,0.2,6.786,1.2,0.0,0,0.302,0,MaxLandingWeightReached,,1.634,MRS,6.484,580,0.936
23/11/2024,17:05:00,595,LFMN,DTMB,0.102,3.458,0.2,5.822,1.2,0.0,0,0.302,0,MaxLandingWeightReached,,0.862,NBE,5.52,517,0.936
24/12/2024,14:00:00,598,DTTA,LFLL,0.115,4.315,0.216,7.048,1.2,0.0,0,0.331,0,MaxLandingWeightReached,,1.202,GVA,6.717,699,1.026
09/12/2024,06:00:00,640,DTTA,LTFM,0.115,5.11,0.256,8.08,1.2,0.0,0,0.371,0,MaxLandingWeightReached,,1.399,TEQ,7.709,876,1.15
16/10/2024,08:45:00,730,DTTJ,LFPG,0.115,5.385,0.269,8.076,1.2,0.0,0,0.384,0,TankCapacityReached,,1.107,ORY,7.692,1045,1.19
29/12/2024,02:00:00,774,DTTJ,LFQQ,0.115,5.835,0.292,8.4,1.2,0.0,0,0.407,0,TankCapacityReached,,0.958,BRU,7.993,1135,1.262
30/05/2024,15:30:00,844,DTTA,EGKK,0.115,6.747,0.337,9.53,1.2,0.0,0,0.452,0,MaxLandingWeightReached,,1.131,STN,9.078,1071,1.401
29/08/2024,14:10:00,215,EDDL,DTMB,0.202,6.178,0.309,8.777,1.2,0.0,0,0.511,0,MaxLandingWeightReached,,0.888,NBE,8.266,965,1.584
28/12/2024,06:25:00,2608,DTTJ,EDDF,0.113,6.495,0.325,9.392,1.2,0.0,0,0.438,0,MaxLandingWeightReached,,1.259,CGN,8.954,1133,1.358
16/11/2024,10:35:00,2609,EDDF,DTTJ,0.126,6.351,0.318,9.606,1.2,0.0,0,0.444,0,MaxLandingWeightReached,,1.611,NBE,9.162,1016,1.376
07/12/2024,11:25:00,2641,EDDL,DTTJ,0.202,6.579,0.329,9.899,1.2,0.0,0,0.531,0,MaxLandingWeightReached,,1.589,MIR,9.368,1094,1.646
11/10/2024,08:50:00,2807,EDDV,DTTJ,0.151,7.44,0.372,10.724,1.2,0.0,0,0.523,0,MaxLandingWeightReached,,1.561,MIR,10.201,1183,1.621
21/12/2024,07:00:00,384,DTTJ,EBBR,0.113,6.968,0.348,9.546,1.2,0.0,0,0.461,0,TankCapacityReached,,0.917,MST,9.085,1260,1.429
02/12/2024,08:00:00,508,DTTJ,LFPG,0.113,6.989,0.349,9.929,1.2,0.0,0,0.462,0,MaxLandingWeightReached,,1.278,ORY,9.467,1089,1.432
17/12/2024,08:00:00,508,DTTJ,LFPG,0.113,7.211,0.361,10.338,1.2,0.0,0,0.474,0,MaxLandingWeightReached,,1.453,LIL,9.864,1128,1.469
23/12/2024,08:00:00,508,DTTJ,LFPG,0.113,7.424,0.371,9.981,1.2,0.0,0,0.484,0,MaxLandingWeightReached,,0.873,ORY,9.497,1194,1.5
28/12/2024,14:00:00,554,DTTJ,LFPG,0.113,7.144,0.357,10.273,1.2,0.0,0,0.47,0,MaxLandingWeightReached,,1.459,LIL,9.803,1116,1.457
29/12/2024,12:40:00,708,DTTJ,LFQQ,0.113,6.64,0.332,9.713,1.2,0.0,0,0.445,0,MaxLandingWeightReached,,1.428,ORY,9.268,1136,1.379
26/10/2024,14:30:00,757,LFQQ,DTTA,0.113,6.625,0.331,9.325,1.2,0.0,0,0.444,0,MaxLandingWeightReached,,1.056,NBE,8.881,1070,1.376
24/12/2024,07:00:00,762,DTTJ,LFQQ,0.113,7.355,0.368,10.095,1.2,0.0,0,0.481,0,TankCapacityReached,,1.059,BRU,9.614,1318,1.491
07/11/2024,07:00:00,7666,DTTJ,EPWA,0.113,7.543,0.377,10.969,1.2,0.0,0,0.49,0,MaxLandingWeightReached,,1.736,KTW,10.479,1198,1.519
12/12/2024,07:00:00,7666,DTTJ,EPWA,0.113,7.388,0.369,10.18,1.2,0.0,0,0.482,0,MaxLandingWeightReached,,1.11,LCJ,9.698,1221,1.494
26/11/2024,07:00:00,166,DTTA,LFSB,0.113,4.651,0.233,7.532,1.2,0.0,0,0.346,0,MaxLandingWeightReached,,1.335,ZRH,7.186,757,1.073
28/12/2024,07:00:00,214,DTMB,EDDL,0.101,6.224,0.311,8.976,1.2,0.0,0,0.412,0,MaxLandingWeightReached,,1.14,CGN,8.564,1069,1.277
08/11/2024,17:35:00,233,EDDB,DTTA,0.189,6.418,0.321,8.955,1.2,0.0,0,0.51,0,MaxLandingWeightReached,,0.827,NBE,8.445,1019,1.581
30/12/2024,13:00:00,234,DTTA,EDDF,0.113,5.439,0.272,8.317,1.2,0.0,0,0.385,0,MaxLandingWeightReached,,1.293,CGN,7.932,884,1.193
17/07/2024,13:30:00,246,DTTA,EDDF,0.113,5.264,0.263,8.103,1.2,0.0,0,0.376,0,MaxLandingWeightReached,,1.263,CGN,7.727,906,1.166
14/08/2024,13:30:00,246,DTTA,EDDF,0.113,5.824,0.291,8.751,1.2,0.0,0,0.404,0,MaxLandingWeightReached,,1.323,CGN,8.347,890,1.252
23/09/2024,13:00:00,258,DTTA,EDDH,0.113,6.417,0.321,9.369,1.2,0.0,0,0.434,0,MaxLandingWeightReached,,1.318,HAJ,8.935,999,1.345
02/11/2024,06:25:00,2608,DTTJ,EDDF,0.113,6.727,0.336,9.735,1.2,0.0,0,0.449,0,MaxLandingWeightReached,,1.359,CGN,9.286,1055,1.392
08/09/2024,06:00:00,396,DTTA,EBBR,0.113,6.244,0.312,8.93,1.2,0.0,0,0.425,0,MaxLandingWeightReached,,1.061,LIL,8.505,946,1.317
08/09/2024,09:30:00,397,EBBR,DTTA,0.163,6.159,0.308,11.347,1.2,2.661,0,0.471,0,price,price,0.856,NBE,10.876,960,1.46
17/10/2024,03:05:00,554,DTTJ,LFPG,0.113,6.503,0.325,9.365,1.2,0.0,0,0.438,0,MaxLandingWeightReached,,1.224,ORY,8.927,1065,1.358
22/10/2024,14:35:00,555,LFPG,DTTJ,0.189,6.826,0.341,10.002,1.2,0.0,0,0.53,0,MaxLandingWeightReached,,1.446,MIR,9.472,1077,1.643
