Route,Departure Airport,Arrival Airport,Air Distance (NM),Actual Fuel (tonnes),Predicted Fuel (tonnes),Fuel Error (tonnes),Actual CO2 (kg),Predicted CO2 (kg),CO2 Error (kg),Departure Airport Name,Arrival Airport Name,Departure Country,Arrival Country
DTMB -> DTMB,DTMB,DTMB,34,0.409,0.46260421784266287,0.05360421784266289,0.964,0.76353911242835,0.20046088757164993,MONASTIR,MONASTIR,TUNISIA,TUNISIA
DTMB -> DTMB,DTMB,DTMB,34,0.409,0.46260421784266287,0.05360421784266289,0.964,0.76353911242835,0.20046088757164993,MONASTIR,MONASTIR,TUNISIA,TUNISIA
DTTJ -> EDDL,DTTJ,EDDL,1171,7.303,7.030846586675962,0.27215341332403753,1.476,1.4710868547372142,0.004913145262785745,DJERBA,DUSSELDORF,TUNISIA,GERMANY
EDDL -> DTMB,EDDL,DTMB,1018,6.243,6.1469933919253075,0.09600660807469286,1.5,1.375875944822301,0.12412405517769898,DUSSELDORF,MONASTIR,GERMANY,TUNISIA
EDDL -> DTMB,EDDL,DTMB,1026,6.477,6.1932079380560605,0.2837920619439398,1.615,1.3808542930531462,0.23414570694685377,DUSSELDORF,MONASTIR,GERMANY,TUNISIA
EDDL -> DTMB,EDDL,DTMB,974,6.181,5.892813388206165,0.28818661179383476,1.569,1.348495029552653,0.22050497044734696,DUSSELDORF,MONASTIR,GERMANY,TUNISIA
DTMB -> EDDV,DTMB,EDDV,1080,6.509,6.505156124438645,0.0038438755613556808,1.311,1.414458143611351,0.10345814361135108,MONASTIR,HANNOVER,TUNISIA,GERMANY
DTTJ -> EDDL,DTTJ,EDDL,1102,6.548,6.632246126298217,0.0842461262982166,1.358,1.428148601246175,0.07014860124617495,DJERBA,DUSSELDORF,TUNISIA,GERMANY
EDDL -> DTTJ,EDDL,DTTJ,1127,7.019,6.77666658295682,0.2423334170431799,1.699,1.443705939467566,0.2552940605324341,DUSSELDORF,DJERBA,GERMANY,TUNISIA
DTMB -> EDDV,DTMB,EDDV,1014,5.954,6.123886118859931,0.16988611885993166,1.228,1.3733867707068785,0.14538677070687855,MONASTIR,HANNOVER,TUNISIA,GERMANY
DTMB -> EDDV,DTMB,EDDV,1036,6.565,6.2509761207195025,0.3140238792804979,1.321,1.3870772283417026,0.0660772283417026,MONASTIR,HANNOVER,TUNISIA,GERMANY
DTMB -> EDDV,DTMB,EDDV,1110,6.97,6.67846067242897,0.29153932757103007,1.386,1.4331269494770202,0.04712694947702034,MONASTIR,HANNOVER,TUNISIA,GERMANY
EDDF -> DTMB,EDDF,DTMB,962,6.124,5.823491569010035,0.3005084309899644,1.789,1.3410275072063853,0.4479724927936146,Frankfurt Airport,MONASTIR,GERMANY,TUNISIA
DTTJ -> EDDV,DTTJ,EDDV,1173,7.116,7.042400223208651,0.07359977679134833,1.448,1.4723314417949256,0.024331441794925635,DJERBA,HANNOVER,TUNISIA,GERMANY
DTMB -> EBBR,DTMB,EBBR,1009,5.792,6.09500202752821,0.30300202752821015,1.243,1.3702753030626003,0.12727530306260015,MONASTIR,Bruxelles National,TUNISIA,BELGIUM
DTTA -> EDDF,DTTA,EDDF,884,5.439,5.372899744235191,0.06610025576480894,1.193,1.2924886119556454,0.09948861195564529,TUNIS - CARTHAGE,Frankfurt Airport,TUNISIA,GERMANY
DTTA -> EDDF,DTTA,EDDF,906,5.264,5.499989746094762,0.23598974609476198,1.166,1.3061790695904691,0.14017906959046922,TUNIS - CARTHAGE,Frankfurt Airport,TUNISIA,GERMANY
DTMB -> EBBR,DTMB,EBBR,1013,6.295,6.118109300593587,0.176890699406413,1.28,1.372764477178023,0.09276447717802294,MONASTIR,Bruxelles National,TUNISIA,BELGIUM
EBBR -> DTMB,EBBR,DTMB,1058,6.677,6.378066122579074,0.29893387742092603,1.531,1.4007676859765268,0.13023231402347313,Bruxelles National,MONASTIR,BELGIUM,TUNISIA
EBBR -> DTMB,EBBR,DTMB,1027,6.484,6.198984756322405,0.285015243677595,1.5,1.3814765865820018,0.11852341341799821,Bruxelles National,MONASTIR,BELGIUM,TUNISIA
DTTJ -> EBBR,DTTJ,EBBR,1193,7.003,7.157936588535534,0.15493658853553427,1.429,1.4847773123720382,0.0557773123720382,DJERBA,Bruxelles National,TUNISIA,BELGIUM
EBBR -> DTTJ,EBBR,DTTJ,1124,6.983,6.759336128157788,0.22366387184221193,1.578,1.441839058880999,0.136160941119001,Bruxelles National,DJERBA,BELGIUM,TUNISIA
EBBR -> DTTJ,EBBR,DTTJ,1154,7.128,6.932640676148112,0.19535932385188826,1.6,1.4605078647466683,0.13949213525333182,Bruxelles National,DJERBA,BELGIUM,TUNISIA
EBBR -> DTTJ,EBBR,DTTJ,1132,7.18,6.805550674288541,0.37444932571145895,1.609,1.4468174071118443,0.16218259288815573,Bruxelles National,DJERBA,BELGIUM,TUNISIA
EBBR -> DTTJ,EBBR,DTTJ,1096,6.113,6.597585216700152,0.4845852167001512,1.445,1.4244148400730412,0.020585159926958863,Bruxelles National,DJERBA,BELGIUM,TUNISIA
LFPG -> DTTA,LFPG,DTTA,920,5.859,5.580865201823581,0.27813479817641884,1.482,1.3148911789944484,0.16710882100555158,Charles de Gaulles,TUNIS - CARTHAGE,FRANCE,TUNISIA
DTMB -> LFPG,DTMB,LFPG,874,5.551,5.31513156157175,0.23586843842825012,1.166,1.2862656766670888,0.12026567666708887,MONASTIR,Charles de Gaulles,TUNISIA,FRANCE
LFPG -> DTMB,LFPG,DTMB,1030,6.44,6.2163152111214375,0.2236847888785629,1.572,1.3833434671685687,0.18865653283143136,Charles de Gaulles,MONASTIR,FRANCE,TUNISIA
LFPG -> DTMB,LFPG,DTMB,934,5.871,5.661740657552399,0.20925934244760125,1.485,1.3236032883984272,0.16139671160157287,Charles de Gaulles,MONASTIR,FRANCE,TUNISIA
DTTA -> LFLL,DTTA,LFLL,616,4.121,3.824712448854959,0.29628755114504157,0.983,1.1257139462223333,0.14271394622233335,TUNIS - CARTHAGE,Lyon Saint Exupery,TUNISIA,FRANCE
DTTJ -> LFPG,DTTJ,LFPG,1133,7.18,6.811327492554885,0.3686725074451145,1.457,1.4474397006406998,0.00956029935930025,DJERBA,Charles de Gaulles,TUNISIA,FRANCE
DTTJ -> LJLJ,DTTJ,LJLJ,804,4.976,4.910754282927659,0.06524571707234106,1.116,1.2427051296471938,0.12670512964719371,DJERBA,LJUBLJANA,TUNISIA,SLOVENIA
DTMB -> EPPO,DTMB,EPPO,1180,7.299,7.08283795107306,0.21616204892694046,1.435,1.476687496496915,0.041687496496914944,MONASTIR,POZNAN,TUNISIA,POLAND
LFQQ -> DTTJ,LFQQ,DTTJ,1183,6.671,7.100168405872092,0.42916840587209215,1.379,1.478554377083482,0.09955437708348192,LESQUIN,DJERBA,FRANCE,TUNISIA
EPKT -> DTTJ,EPKT,DTTJ,1104,6.841,6.643799762830905,0.19720023716909552,1.441,1.4293931883038864,0.011606811696113661,PYRZOWICE,DJERBA,POLAND,TUNISIA
DTTA -> LFST,DTTA,LFST,769,4.934,4.708565643605614,0.22543435639438592,1.11,1.2209248561372466,0.11092485613724645,TUNIS - CARTHAGE,ENTZHEIM (STRASBOURG),TUNISIA,FRANCE
DTTA -> LTFM,DTTA,LTFM,965,6.163,5.840822023809068,0.32217797619093247,1.299,1.3428943877929522,0.043894387792952294,TUNIS - CARTHAGE,ISTANBUL,TUNISIA,TURKEY
DTMB -> LFPG,DTMB,LFPG,876,5.591,5.326685198104438,0.2643148018955621,1.218,1.2875102637248,0.06951026372479996,MONASTIR,Charles de Gaulles,TUNISIA,FRANCE
DTTA -> LFSB,DTTA,LFSB,758,4.774,4.645020642675829,0.12897935732417132,1.091,1.2140796273198344,0.12307962731983446,TUNIS - CARTHAGE,Basle Mulhouse,TUNISIA,SWITZERLAND
LFSB -> DTTA,LFSB,DTTA,732,4.348,4.494823367750881,0.14682336775088078,1.101,1.1978999955695877,0.09689999556958773,Basle Mulhouse,TUNIS - CARTHAGE,SWITZERLAND,TUNISIA
DTTA -> LSGG,DTTA,LSGG,707,4.199,4.350402911092276,0.15140291109227633,1.001,1.1823426573481965,0.18134265734819666,TUNIS - CARTHAGE,GENEVA,TUNISIA,SWITZERLAND
DTTA -> EDDL,DTTA,EDDL,958,5.901,5.800384295944658,0.10061570405534148,1.265,1.3385383330909626,0.0735383330909627,TUNIS - CARTHAGE,DUSSELDORF,TUNISIA,GERMANY
EDDL -> DTTA,EDDL,DTTA,1027,6.296,6.198984756322405,0.09701524367759529,1.6,1.3814765865820018,0.2185234134179983,DUSSELDORF,TUNIS - CARTHAGE,GERMANY,TUNISIA
DTMB -> EDDV,DTMB,EDDV,1007,6.127,6.083448390995522,0.043551609004477854,1.262,1.3690307160048891,0.10703071600488911,MONASTIR,HANNOVER,TUNISIA,GERMANY
EDDB -> DTTA,EDDB,DTTA,1019,6.278,6.152770210191652,0.12522978980834765,1.559,1.3764982383511568,0.18250176164884313,BERLIN BRANDENBURG AIRPORT,TUNIS - CARTHAGE,GERMANY,TUNISIA
EDDB -> DTTA,EDDB,DTTA,1025,6.571,6.187431119789717,0.3835688802102828,1.606,1.3802319995242907,0.22576800047570944,BERLIN BRANDENBURG AIRPORT,TUNIS - CARTHAGE,GERMANY,TUNISIA
DTTJ -> EDDF,DTTJ,EDDF,1148,6.422,6.897979766550047,0.47597976655004715,1.345,1.4567741035735344,0.11177410357353446,DJERBA,Frankfurt Airport,TUNISIA,GERMANY
DTTA -> EDDM,DTTA,EDDM,754,4.774,4.621913369610452,0.15208663038954828,1.091,1.211590453204412,0.12059045320441197,TUNIS - CARTHAGE,Munich,TUNISIA,GERMANY
EDDM -> DTTA,EDDM,DTTA,802,5.234,4.899200646394971,0.3347993536050291,1.317,1.2414605425894827,0.07553945741051726,Munich,TUNIS - CARTHAGE,GERMANY,TUNISIA
EDDM -> DTTA,EDDM,DTTA,742,4.735,4.552591550414322,0.1824084495856786,1.24,1.204122930858144,0.035877069141855955,Munich,TUNIS - CARTHAGE,GERMANY,TUNISIA
EDDL -> DTMB,EDDL,DTMB,1041,6.304,6.279860212051223,0.024139787948777247,1.6,1.3901886959859808,0.20981130401401926,DUSSELDORF,MONASTIR,GERMANY,TUNISIA
DTTJ -> EDDP,DTTJ,EDDP,1119,6.589,6.730452036826067,0.14145203682606677,1.37,1.438727591236721,0.0687275912367209,DJERBA,LEIPZIG,TUNISIA,GERMANY
EDDV -> EDDP,EDDV,EDDP,147,1.237,1.115384681939552,0.12161531806044801,0.97,0.8338582811890375,0.1361417188109625,HANNOVER,LEIPZIG,GERMANY,GERMANY
DTTA -> LTAI,DTTA,LTAI,985,6.209,5.956358389135951,0.2526416108640488,1.311,1.3553402583700649,0.044340258370064944,TUNIS - CARTHAGE,ANTALYA,TUNISIA,TURKEY
DTTJ -> LFPG,DTTJ,LFPG,1089,6.901,6.557147488835742,0.34385251116425763,1.42,1.4200587853710518,5.8785371051861546e-05,DJERBA,Charles de Gaulles,TUNISIA,FRANCE
DTTA -> LFPG,DTTA,LFPG,949,5.814,5.748392931547561,0.06560706845243924,1.252,1.3329376913312618,0.08093769133126183,TUNIS - CARTHAGE,Charles de Gaulles,TUNISIA,FRANCE
DTTA -> LFPG,DTTA,LFPG,902,5.665,5.476882473029386,0.1881175269706139,1.228,1.3036898954750469,0.0756898954750469,TUNIS - CARTHAGE,Charles de Gaulles,TUNISIA,FRANCE
LFPG -> DTTA,LFPG,DTTA,905,5.845,5.494212927828419,0.3507870721715811,1.491,1.3055567760616138,0.1854432239383863,Charles de Gaulles,TUNIS - CARTHAGE,FRANCE,TUNISIA
DTMB -> LFPG,DTMB,LFPG,948,5.983,5.742616113281217,0.2403838867187824,1.24,1.3323153978024063,0.09231539780240627,MONASTIR,Charles de Gaulles,TUNISIA,FRANCE
DTTA -> LFLL,DTTA,LFLL,621,4.116,3.8535965401866794,0.26240345981332025,0.989,1.1288254138666116,0.13982541386661163,TUNIS - CARTHAGE,Lyon Saint Exupery,TUNISIA,FRANCE
DTTA -> LFLL,DTTA,LFLL,661,4.292,4.084669270840445,0.20733072915955475,1.017,1.1537171550208372,0.13671715502083726,TUNIS - CARTHAGE,Lyon Saint Exupery,TUNISIA,FRANCE
LIMC -> DTTA,LIMC,DTTA,559,3.711,3.495433807673342,0.21556619232665764,1.243,1.0902432150775616,0.1527567849224385,MALPENSA,TUNIS - CARTHAGE,ITALY,TUNISIA
DTMB -> EPKT,DTMB,EPKT,1016,6.265,6.135439755392619,0.12956024460738025,1.283,1.37463135776459,0.09163135776458997,MONASTIR,PYRZOWICE,TUNISIA,POLAND
EPPO -> DTMB,EPPO,DTMB,1057,6.379,6.372289304312729,0.0067106956872704515,1.339,1.400145392447671,0.06114539244767103,POZNAN,MONASTIR,POLAND,TUNISIA
EPWA -> DTMB,EPWA,DTMB,1123,7.116,6.753559309891443,0.3624406901085564,1.689,1.4412167653521435,0.24778323464785657,WARSAW,MONASTIR,POLAND,TUNISIA
LFQQ -> DTTA,LFQQ,DTTA,972,6.11,5.881259751673476,0.22874024832652395,1.299,1.3472504424949416,0.0482504424949417,LESQUIN,TUNIS - CARTHAGE,FRANCE,TUNISIA
EPKT -> DTTJ,EPKT,DTTJ,1207,7.386,7.238812044264352,0.1471879557356477,1.494,1.4934894217760173,0.000510578223982705,PYRZOWICE,DJERBA,POLAND,TUNISIA
EPLB -> DTMB,EPLB,DTMB,1248,7.621,7.475661593184462,0.14533840681553833,1.767,1.5190034564590986,0.24799654354090128,Lublin,MONASTIR,POLAND,TUNISIA
LFST -> DTTA,LFST,DTTA,820,4.962,5.003183375189166,0.04118337518916615,1.197,1.2526618261088842,0.05566182610888415,ENTZHEIM (STRASBOURG),TUNIS - CARTHAGE,FRANCE,TUNISIA
EGKK -> DTTA,EGKK,DTTA,1006,6.491,6.0776715727291775,0.4133284272708222,1.593,1.3684084224760333,0.22459157752396663,LONDON (GATWICK),TUNIS - CARTHAGE,UNITED KINGDOM,TUNISIA
DAAG -> DTTA,DAAG,DTTA,365,2.763,2.3747310640025767,0.3882689359974232,1.011,0.9695182704795673,0.04148172952043261,HOUARI BOUMEDIANE,TUNIS - CARTHAGE,ALGERIA,TUNISIA
EDDL -> DTMB,EDDL,DTMB,1040,6.246,6.274083393784879,0.02808339378487812,1.59,1.3895664024571253,0.20043359754287482,DUSSELDORF,MONASTIR,GERMANY,TUNISIA
EDDL -> DTMB,EDDL,DTMB,1145,6.912,6.880649311751014,0.03135068824898557,1.696,1.4549072229869675,0.24109277701303244,DUSSELDORF,MONASTIR,GERMANY,TUNISIA
EDDL -> DTMB,EDDL,DTMB,1041,6.753,6.279860212051223,0.4731397879487771,1.671,1.3901886959859808,0.2808113040140192,DUSSELDORF,MONASTIR,GERMANY,TUNISIA
EDDV -> EDDH,EDDV,EDDH,165,1.49,1.2193674107337467,0.27063258926625333,1.088,0.845059564708439,0.24294043529156106,HANNOVER,HAMBURG,GERMANY,GERMANY
EDDL -> DTTJ,EDDL,DTTJ,1222,7.698,7.325464318259514,0.37253568174048635,1.817,1.5028238247088521,0.31417617529114783,DUSSELDORF,DJERBA,GERMANY,TUNISIA
DTTA -> EDDF,DTTA,EDDF,994,5.884,6.008349753533048,0.124349753533048,1.262,1.3609409001297657,0.09894090012976564,TUNIS - CARTHAGE,Frankfurt Airport,TUNISIA,GERMANY
EDDS -> DTMB,EDDS,DTMB,892,5.445,5.419114290365944,0.02588570963405612,1.389,1.2974669601864903,0.09153303981350969,STUTTGART,MONASTIR,GERMANY,TUNISIA
DTTJ -> EDDL,DTTJ,EDDL,1157,7.283,6.949971130947144,0.333028869052856,1.479,1.4623747453332352,0.0166252546667649,DJERBA,DUSSELDORF,TUNISIA,GERMANY
EDDL -> DTTJ,EDDL,DTTJ,1059,6.268,6.383842940845418,0.11584294084541824,1.593,1.4013899795053826,0.1916100204946174,DUSSELDORF,DJERBA,GERMANY,TUNISIA
DTTJ -> LFPG,DTTJ,LFPG,1150,7.319,6.909533403082736,0.40946659691726417,1.485,1.4580186906312458,0.026981309368754314,DJERBA,Charles de Gaulles,TUNISIA,FRANCE
DTTJ -> LFPG,DTTJ,LFPG,1089,6.988,6.557147488835742,0.43085251116425827,1.432,1.4200587853710518,0.011941214628948149,DJERBA,Charles de Gaulles,TUNISIA,FRANCE
LFPG -> DTTA,LFPG,DTTA,927,5.912,5.62130292968799,0.2906970703120102,1.504,1.3192472336964378,0.1847527663035622,Charles de Gaulles,TUNIS - CARTHAGE,FRANCE,TUNISIA
DTMB -> LFPG,DTMB,LFPG,1103,7.145,6.63802294456456,0.5069770554354394,1.42,1.4287708947750306,0.00877089477503068,MONASTIR,Charles de Gaulles,TUNISIA,FRANCE
DTTJ -> LPPT,DTTJ,LPPT,1208,7.582,7.244588862530696,0.33741113746930385,1.525,1.4941117153048729,0.030888284695127055,DJERBA,Humberto Delgado ( Lisbon),TUNISIA,PORTUGAL
LFPG -> DTTJ,LFPG,DTTJ,1076,7.074,6.482048851373269,0.5919511486267313,1.683,1.4119689694959283,0.27103103050407173,Charles de Gaulles,DJERBA,FRANCE,TUNISIA
LFRS -> DTTA,LFRS,DTTA,870,5.325,5.292024288506373,0.0329757114936271,1.215,1.283776502551666,0.06877650255166601,Nantes ATLANTIQUE,TUNIS - CARTHAGE,FRANCE,TUNISIA
DTMB -> EPPO,DTMB,EPPO,1122,6.993,6.7477824916251,0.24521750837490064,1.398,1.440594471823288,0.042594471823288016,MONASTIR,POZNAN,TUNISIA,POLAND
EPPO -> DTTJ,EPPO,DTTJ,1235,7.634,7.4005629557219885,0.23343704427801182,1.535,1.5109136405839751,0.024086359416024772,POZNAN,DJERBA,POLAND,TUNISIA
DTTJ -> EDDL,DTTJ,EDDL,1085,6.907,6.534040215770366,0.37295978422963394,1.426,1.417569611255629,0.008430388744370854,DJERBA,DUSSELDORF,TUNISIA,GERMANY
DTTJ -> EDDL,DTTJ,EDDL,1184,7.247,7.105945224138437,0.141054775861563,1.479,1.4791766706123375,0.0001766706123373929,DJERBA,DUSSELDORF,TUNISIA,GERMANY
EDDL -> DTMB,EDDL,DTMB,1065,6.685,6.418503850443483,0.26649614955651657,1.671,1.4051237406785164,0.2658762593214836,DUSSELDORF,MONASTIR,GERMANY,TUNISIA
EDDM -> DTMB,EDDM,DTMB,849,5.622,5.1707111049131464,0.45128889508685344,1.386,1.2707083384456976,0.11529166155430226,Munich,MONASTIR,GERMANY,TUNISIA
DTMB -> EDDM,DTMB,EDDM,746,4.735,4.575698823479699,0.15930117652030162,1.051,1.2066121049735667,0.1556121049735668,MONASTIR,Munich,TUNISIA,GERMANY
EDDF -> DTTJ,EDDF,DTTJ,994,6.333,6.008349753533048,0.32465024646695184,1.38,1.3609409001297657,0.019059099870234242,Frankfurt Airport,DJERBA,GERMANY,TUNISIA
EDDF -> DTMB,EDDF,DTMB,868,5.5,5.280470651973685,0.21952934802631496,1.249,1.282531915493955,0.033531915493954845,Frankfurt Airport,MONASTIR,GERMANY,TUNISIA
DTTJ -> EDDV,DTTJ,EDDV,1160,6.756,6.967301585746177,0.21130158574617663,1.404,1.4642416259198021,0.0602416259198022,DJERBA,HANNOVER,TUNISIA,GERMANY
DTTJ -> EDDV,DTTJ,EDDV,1109,6.846,6.672683854162625,0.17331614583737487,1.417,1.4325046559481645,0.015504655948164414,DJERBA,HANNOVER,TUNISIA,GERMANY
DTTJ -> EDDV,DTTJ,EDDV,1099,6.782,6.614915671499184,0.1670843285008159,1.407,1.4262817206596081,0.019281720659608093,DJERBA,HANNOVER,TUNISIA,GERMANY
EDDV -> DTTJ,EDDV,DTTJ,1206,7.503,7.233035225998008,0.26996477400199215,1.64,1.4928671282471617,0.14713287175283818,HANNOVER,DJERBA,GERMANY,TUNISIA
DTTJ -> EDDP,DTTJ,EDDP,1042,6.481,6.2856370303175675,0.19536296968243239,1.361,1.3908109895148364,0.029810989514836406,DJERBA,LEIPZIG,TUNISIA,GERMANY
EDDL -> DTTJ,EDDL,DTTJ,1111,6.819,6.684237490695313,0.1347625093046867,1.693,1.4337492430058758,0.25925075699412425,DUSSELDORF,DJERBA,GERMANY,TUNISIA
EBBR -> DTMB,EBBR,DTMB,1135,7.116,6.822881129087573,0.2931188709124264,1.618,1.4486842876984112,0.16931571230158893,Bruxelles National,MONASTIR,BELGIUM,TUNISIA
DTTJ -> LFPG,DTTJ,LFPG,1051,6.653,6.337628394714665,0.3153716052853346,1.389,1.3964116312745372,0.007411631274537145,DJERBA,Charles de Gaulles,TUNISIA,FRANCE
LFPG -> DTTA,LFPG,DTTA,795,5.227,4.858762918530562,0.368237081469438,1.404,1.237104487887493,0.16689551211250686,Charles de Gaulles,TUNIS - CARTHAGE,FRANCE,TUNISIA
DTMB -> LFPG,DTMB,LFPG,917,5.677,5.563534747024549,0.11346525297545096,1.197,1.3130242984078815,0.11602429840788142,MONASTIR,Charles de Gaulles,TUNISIA,FRANCE
DTTJ -> LFPG,DTTJ,LFPG,1082,6.741,6.516709760971334,0.22429023902866607,1.401,1.4157027306690622,0.014702730669062136,DJERBA,Charles de Gaulles,TUNISIA,FRANCE
DTMB -> LFLL,DTMB,LFLL,691,4.342,4.25797381883077,0.08402618116922955,0.989,1.1723859608865064,0.18338596088650638,MONASTIR,Lyon Saint Exupery,TUNISIA,FRANCE
DTTJ -> LFPG,DTTJ,LFPG,1012,6.105,6.1123324823272425,0.00733248232724204,1.302,1.3721421836491672,0.07014218364916713,DJERBA,Charles de Gaulles,TUNISIA,FRANCE
DTMB -> EPWA,DTMB,EPWA,1264,7.753,7.568090685445969,0.18490931455403103,1.519,1.528960152920789,0.009960152920789112,MONASTIR,WARSAW,TUNISIA,POLAND
DTTJ -> LFPG,DTTJ,LFPG,1056,6.651,6.3665124860463855,0.28448751395361427,1.389,1.3995230989188157,0.010523098918815643,DJERBA,Charles de Gaulles,TUNISIA,FRANCE
LFPG -> DTTJ,LFPG,DTTJ,1014,6.44,6.123886118859931,0.316113881140069,1.593,1.3733867707068785,0.21961322929312144,Charles de Gaulles,DJERBA,FRANCE,TUNISIA
EPKT -> DTTA,EPKT,DTTA,1172,6.259,7.036623404942307,0.7776234049423065,1.367,1.4717091482660698,0.10470914826606981,PYRZOWICE,TUNIS - CARTHAGE,POLAND,TUNISIA
DTTJ -> EPWA,DTTJ,EPWA,1239,7.649,7.423670228787365,0.22532977121263542,1.541,1.5134028146993979,0.027597185300602067,DJERBA,WARSAW,TUNISIA,POLAND
EPWA -> DTTJ,EPWA,DTTJ,1232,7.42,7.383232500922956,0.03676749907704391,1.745,1.5090467599974082,0.23595324000259188,WARSAW,DJERBA,POLAND,TUNISIA
DTTJ -> EPWA,DTTJ,EPWA,1252,7.832,7.498768866249839,0.3332311337501608,1.572,1.5214926305745213,0.05050736942547873,DJERBA,WARSAW,TUNISIA,POLAND
DTTA -> EGKK,DTTA,EGKK,1068,5.586,6.4358343052425155,0.8498343052425152,1.221,1.4069906212650833,0.18599062126508326,TUNIS - CARTHAGE,LONDON (GATWICK),TUNISIA,UNITED KINGDOM
DTTA -> EGKK,DTTA,EGKK,1073,5.529,6.464718396574236,0.9357183965742362,1.212,1.4101020889093614,0.19810208890936143,TUNIS - CARTHAGE,LONDON (GATWICK),TUNISIA,UNITED KINGDOM
LFSB -> DTTJ,LFSB,DTTJ,959,5.83,5.806161114211003,0.02383888578899729,1.324,1.3391606266198184,0.015160626619818318,Basle Mulhouse,DJERBA,SWITZERLAND,TUNISIA
DTTA -> EDDL,DTTA,EDDL,991,6.087,5.991019298734016,0.0959807012659839,1.287,1.3590740195431987,0.07207401954319881,TUNIS - CARTHAGE,DUSSELDORF,TUNISIA,GERMANY
DTMB -> EDDL,DTMB,EDDL,1053,6.59,6.349182031247353,0.24081796875264683,1.327,1.3976562183322487,0.07065621833224878,MONASTIR,DUSSELDORF,TUNISIA,GERMANY
DTMB -> EDDL,DTMB,EDDL,1147,7.558,6.892202948283703,0.6657970517162966,1.476,1.4561518100446789,0.019848189955321116,MONASTIR,DUSSELDORF,TUNISIA,GERMANY
EDDL -> DTMB,EDDL,DTMB,905,5.892,5.494212927828419,0.3977870721715817,1.525,1.3055567760616138,0.2194432239383861,DUSSELDORF,MONASTIR,GERMANY,TUNISIA
EDDB -> DTTJ,EDDB,DTTJ,1208,7.401,7.244588862530696,0.1564111374693038,1.72,1.4941117153048729,0.22588828469512712,BERLIN BRANDENBURG AIRPORT,DJERBA,GERMANY,TUNISIA
DTMB -> EDDV,DTMB,EDDV,1191,7.16,7.1463829520028455,0.013617047997154685,1.414,1.4835327253143271,0.06953272531432719,MONASTIR,HANNOVER,TUNISIA,GERMANY
EDDM -> DTTA,EDDM,DTTA,711,4.645,4.373510184157653,0.27148981584234644,1.215,1.1848318314636193,0.030168168536380824,Munich,TUNIS - CARTHAGE,GERMANY,TUNISIA
DTTJ -> EDDL,DTTJ,EDDL,1073,6.691,6.464718396574236,0.22628160342576376,1.383,1.4101020889093614,0.027102088909361388,DJERBA,DUSSELDORF,TUNISIA,GERMANY
EBBR -> DTTA,EBBR,DTTA,924,5.675,5.603972474888957,0.0710275251110426,1.376,1.317380353109871,0.058619646890128996,Bruxelles National,TUNIS - CARTHAGE,BELGIUM,TUNISIA
DTTA -> LFPG,DTTA,LFPG,870,5.302,5.292024288506373,0.009975711493626527,1.166,1.283776502551666,0.11777650255166616,TUNIS - CARTHAGE,Charles de Gaulles,TUNISIA,FRANCE
LFMN -> DTMB,LFMN,DTMB,521,3.453,3.2759147135522646,0.17708528644773525,0.924,1.0665960609810474,0.14259606098104738,Nice Cote d'Azur,MONASTIR,FRANCE,TUNISIA
DTMB -> EPWA,DTMB,EPWA,1069,6.395,6.441611123508859,0.04661112350885954,1.336,1.4076129147939387,0.07161291479393861,MONASTIR,WARSAW,TUNISIA,POLAND
LFQQ -> DTTJ,LFQQ,DTTJ,1296,7.759,7.752948869968981,0.006051130031019092,1.547,1.5488735458441694,0.001873545844169433,LESQUIN,DJERBA,FRANCE,TUNISIA
DTTA -> LFST,DTTA,LFST,906,5.367,5.499989746094762,0.13298974609476222,1.175,1.3061790695904691,0.1311790695904691,TUNIS - CARTHAGE,ENTZHEIM (STRASBOURG),TUNISIA,FRANCE
LFST -> DTTA,LFST,DTTA,741,4.644,4.546814732147977,0.09718526785202286,0.986,1.2035006373292885,0.21750063732928848,ENTZHEIM (STRASBOURG),TUNIS - CARTHAGE,FRANCE,TUNISIA
DTTA -> EGKK,DTTA,EGKK,996,5.6,6.019903390065736,0.41990339006573674,1.212,1.362185487187477,0.15018548718747704,TUNIS - CARTHAGE,LONDON (GATWICK),TUNISIA,UNITED KINGDOM
EGKK -> DTTA,EGKK,DTTA,1053,6.313,6.349182031247353,0.03618203124735331,1.553,1.3976562183322487,0.1553437816677512,LONDON (GATWICK),TUNIS - CARTHAGE,UNITED KINGDOM,TUNISIA
DTMB -> LFPO,DTMB,LFPO,950,4.763,5.754169749813905,0.9911697498139054,1.042,1.3335599848601176,0.2915599848601176,MONASTIR,ORLY,TUNISIA,FRANCE
DTTA -> DTMB,DTTA,DTMB,104,0.925,0.8669814964867535,0.058018503513246555,0.967,0.8070996594482449,0.15990034055175506,TUNIS - CARTHAGE,MONASTIR,TUNISIA,TUNISIA
DTMB -> DTTA,DTMB,DTTA,86,0.82,0.7629987676925587,0.05700123230744125,0.927,0.7958983759288434,0.13110162407115666,MONASTIR,TUNIS - CARTHAGE,TUNISIA,TUNISIA
DTMB -> DTTA,DTMB,DTTA,86,0.844,0.7629987676925587,0.08100123230744127,0.927,0.7958983759288434,0.13110162407115666,MONASTIR,TUNIS - CARTHAGE,TUNISIA,TUNISIA
LFSB -> DTTA,LFSB,DTTA,730,4.263,4.483269731218192,0.22026973121819182,1.082,1.1966554085118764,0.11465540851187628,Basle Mulhouse,TUNIS - CARTHAGE,SWITZERLAND,TUNISIA
EDDL -> DTMB,EDDL,DTMB,1012,6.27,6.1123324823272425,0.1576675176727571,1.587,1.3721421836491672,0.2148578163508328,DUSSELDORF,MONASTIR,GERMANY,TUNISIA
DTMB -> EDDF,DTMB,EDDF,950,5.727,5.754169749813905,0.027169749813904964,1.193,1.3335599848601176,0.14055998486011756,MONASTIR,Frankfurt Airport,TUNISIA,GERMANY
DTTJ -> LFPG,DTTJ,LFPG,1163,7.269,6.984632040545209,0.28436795945479076,1.472,1.466108506506369,0.005891493493630939,DJERBA,Charles de Gaulles,TUNISIA,FRANCE
LFPG -> DTTJ,LFPG,DTTJ,1005,6.377,6.071894754462834,0.3051052455371659,1.566,1.3677861289471778,0.1982138710528223,Charles de Gaulles,DJERBA,FRANCE,TUNISIA
DTTA -> LFPG,DTTA,LFPG,915,5.469,5.55198111049186,0.08298111049185941,1.193,1.31177971135017,0.11877971135016985,TUNIS - CARTHAGE,Charles de Gaulles,TUNISIA,FRANCE
LFPG -> DTTA,LFPG,DTTA,833,5.277,5.0782820126516395,0.19871798734836066,1.395,1.2607516419840075,0.13424835801599255,Charles de Gaulles,TUNIS - CARTHAGE,FRANCE,TUNISIA
LFPG -> DTTA,LFPG,DTTA,865,5.504,5.2631401971746525,0.24085980282534702,1.429,1.280665034907388,0.14833496509261201,Charles de Gaulles,TUNIS - CARTHAGE,FRANCE,TUNISIA
DTMB -> LFLL,DTMB,LFLL,680,4.423,4.1944288179009845,0.2285711820990155,0.992,1.1655407320690943,0.17354073206909426,MONASTIR,Lyon Saint Exupery,TUNISIA,FRANCE
DTTJ -> LFLL,DTTJ,LFLL,881,5.55,5.355569289436159,0.1944307105638412,1.209,1.2906217313690784,0.08162173136907835,DJERBA,Lyon Saint Exupery,TUNISIA,FRANCE
DTTA -> LFLL,DTTA,LFLL,617,3.794,3.830489267121303,0.03648926712130285,0.967,1.126336239751189,0.15933623975118894,TUNIS - CARTHAGE,Lyon Saint Exupery,TUNISIA,FRANCE
LIMC -> DTTA,LIMC,DTTA,576,3.721,3.5936397182011928,0.12736028179880732,1.234,1.1008222050681076,0.1331777949318924,MALPENSA,TUNIS - CARTHAGE,ITALY,TUNISIA
EPWA -> EPKT,EPWA,EPKT,203,1.746,1.4388865048548245,0.3071134951451755,1.197,0.8687067188049534,0.32829328119504664,WARSAW,PYRZOWICE,POLAND,POLAND
DTMB -> EPKT,DTMB,EPKT,1001,6.086,6.048787481397457,0.037212518602543376,1.249,1.3652969548317553,0.11629695483175517,MONASTIR,PYRZOWICE,TUNISIA,POLAND
LFQQ -> DTMB,LFQQ,DTMB,1016,5.844,6.135439755392619,0.2914397553926191,1.252,1.37463135776459,0.12263135776458989,LESQUIN,MONASTIR,FRANCE,TUNISIA
DAAG -> LFPG,DAAG,LFPG,783,5.225,4.789441099334432,0.43555890066556735,1.2,1.2296369655412254,0.029636965541225413,HOUARI BOUMEDIANE,Charles de Gaulles,ALGERIA,FRANCE
LFPG -> DAAG,LFPG,DAAG,734,4.82,4.506377004283569,0.3136229957164316,1.333,1.199144582627299,0.1338554173727009,Charles de Gaulles,HOUARI BOUMEDIANE,FRANCE,ALGERIA
DAAG -> LFQQ,DAAG,LFQQ,896,5.341,5.442221563431321,0.10122156343132094,1.218,1.299956134301913,0.08195613430191306,HOUARI BOUMEDIANE,LESQUIN,ALGERIA,FRANCE
DAAT -> DAAJ,DAAT,DAAJ,270,2.123,1.8259333286998825,0.29706667130011777,1.011,0.9104003852382814,0.10059961476171853,TAMANRASSET,DJANET,ALGERIA,ALGERIA
DTMB -> LFPG,DTMB,LFPG,1128,6.477,6.782443401223164,0.3054434012231635,1.318,1.4443282329964218,0.1263282329964217,MONASTIR,Charles de Gaulles,TUNISIA,FRANCE
EDDL -> DTTJ,EDDL,DTTJ,1175,7.487,7.053953859741339,0.43304614025866073,1.783,1.4735760288526367,0.3094239711473632,DUSSELDORF,DJERBA,GERMANY,TUNISIA
DTMB -> EDDP,DTMB,EDDP,1044,6.957,6.2971906668502555,0.6598093331497443,1.429,1.3920555765725477,0.0369444234274523,MONASTIR,LEIPZIG,TUNISIA,GERMANY
DTTA -> EDDB,DTTA,EDDB,982,5.805,5.939027934336918,0.13402793433691862,1.249,1.353473377783498,0.10447337778349786,TUNIS - CARTHAGE,BERLIN BRANDENBURG AIRPORT,TUNISIA,GERMANY
EDDB -> DTTA,EDDB,DTTA,1012,5.889,6.1123324823272425,0.22333248232724223,1.497,1.3721421836491672,0.12485781635083293,BERLIN BRANDENBURG AIRPORT,TUNIS - CARTHAGE,GERMANY,TUNISIA
LTAI -> DTTA,LTAI,DTTA,1104,7.068,6.643799762830905,0.42420023716909494,1.68,1.4293931883038864,0.25060681169611354,ANTALYA,TUNIS - CARTHAGE,TURKEY,TUNISIA
DTMB -> LFPG,DTMB,LFPG,965,6.135,5.840822023809068,0.294177976190932,1.265,1.3428943877929522,0.07789438779295232,MONASTIR,Charles de Gaulles,TUNISIA,FRANCE
DTTA -> LEMD,DTTA,LEMD,780,5.309,4.7721106445354,0.5368893554646004,1.172,1.2277700849546584,0.055770084954658516,TUNIS - CARTHAGE,Barajas,TUNISIA,SPAIN
LTFM -> DTTA,LTFM,DTTA,1002,6.63,6.054564299663801,0.5754357003361985,2.003,1.3659192483606108,0.6370807516393893,ISTANBUL,TUNIS - CARTHAGE,TURKEY,TUNISIA
LFST -> DTTJ,LFST,DTTJ,943,5.875,5.713732021949496,0.1612679780505042,1.184,1.329203930158128,0.14520393015812805,ENTZHEIM (STRASBOURG),DJERBA,FRANCE,TUNISIA
LFQQ -> DTTA,LFQQ,DTTA,1043,6.779,6.291413848583911,0.48758615141608885,1.401,1.3914332830436922,0.009566716956307841,LESQUIN,TUNIS - CARTHAGE,FRANCE,TUNISIA
LFQQ -> DTTJ,LFQQ,DTTJ,1150,7.373,6.909533403082736,0.46346659691726444,1.494,1.4580186906312458,0.03598130936875421,LESQUIN,DJERBA,FRANCE,TUNISIA
DTTA -> EDDL,DTTA,EDDL,935,4.559,5.667517475818743,1.1085174758187426,1.001,1.324225581927283,0.3232255819272831,TUNIS - CARTHAGE,DUSSELDORF,TUNISIA,GERMANY
DTTA -> EDDL,DTTA,EDDL,1026,4.908,6.1932079380560605,1.2852079380560602,1.054,1.3808542930531462,0.32685429305314617,TUNIS - CARTHAGE,DUSSELDORF,TUNISIA,GERMANY
DTTA -> EDDB,DTTA,EDDB,996,4.841,6.019903390065736,1.1789033900657362,1.24,1.362185487187477,0.12218548718747702,TUNIS - CARTHAGE,BERLIN BRANDENBURG AIRPORT,TUNISIA,GERMANY
DTTA -> EDDB,DTTA,EDDB,1013,4.896,6.118109300593587,1.222109300593587,1.054,1.372764477178023,0.3187644771780229,TUNIS - CARTHAGE,BERLIN BRANDENBURG AIRPORT,TUNISIA,GERMANY
DTMB -> EDDV,DTMB,EDDV,1115,5.567,6.70734476376069,1.14034476376069,1.122,1.4362384171212983,0.3142384171212982,MONASTIR,HANNOVER,TUNISIA,GERMANY
DTTA -> LFPG,DTTA,LFPG,887,4.616,5.390230199034224,0.774230199034224,1.206,1.2943554925422123,0.08835549254221231,TUNIS - CARTHAGE,Charles de Gaulles,TUNISIA,FRANCE
DTTA -> LFPG,DTTA,LFPG,933,4.85,5.655963839286055,0.8059638392860551,1.243,1.3229809948695717,0.07998099486957155,TUNIS - CARTHAGE,Charles de Gaulles,TUNISIA,FRANCE
LFPG -> DTTA,LFPG,DTTA,873,4.429,5.309354743305406,0.8803547433054053,1.336,1.285643383138233,0.05035661686176707,Charles de Gaulles,TUNIS - CARTHAGE,FRANCE,TUNISIA
LFPG -> DTTA,LFPG,DTTA,842,4.147,5.130273377048737,0.9832733770487367,1.131,1.2663522837437082,0.13535228374370822,Charles de Gaulles,TUNIS - CARTHAGE,FRANCE,TUNISIA
DTMB -> LFPG,DTMB,LFPG,969,4.569,5.863929296874444,1.294929296874444,0.967,1.3453835619083747,0.37838356190837474,MONASTIR,Charles de Gaulles,TUNISIA,FRANCE
DTTA -> LFRS,DTTA,LFRS,828,4.338,5.049397921319919,0.7113979213199189,1.163,1.2576401743397292,0.09464017433972916,TUNIS - CARTHAGE,Nantes ATLANTIQUE,TUNISIA,FRANCE
DTTA -> EGKK,DTTA,EGKK,984,5.086,5.950581570869606,0.8645815708696061,1.277,1.3547179648412093,0.07771796484120941,TUNIS - CARTHAGE,LONDON (GATWICK),TUNISIA,UNITED KINGDOM
DTTA -> EGKK,DTTA,EGKK,1047,4.585,6.314521121649288,1.729521121649288,1.004,1.393922457159115,0.3899224571591149,TUNIS - CARTHAGE,LONDON (GATWICK),TUNISIA,UNITED KINGDOM
EGKK -> DTTA,EGKK,DTTA,1052,4.895,6.343405212981009,1.448405212981009,1.575,1.397033924803393,0.177966075196607,LONDON (GATWICK),TUNIS - CARTHAGE,UNITED KINGDOM,TUNISIA
EGKK -> DTTA,EGKK,DTTA,965,4.468,5.840822023809068,1.3728220238090678,1.181,1.3428943877929522,0.16189438779295218,LONDON (GATWICK),TUNIS - CARTHAGE,UNITED KINGDOM,TUNISIA
DTTA -> LSGG,DTTA,LSGG,701,3.628,4.315742001494212,0.6877420014942119,0.914,1.1786088961750627,0.26460889617506267,TUNIS - CARTHAGE,GENEVA,TUNISIA,SWITZERLAND
DTTA -> EDDL,DTTA,EDDL,1010,4.817,6.100778845794554,1.2837788457945543,1.042,1.370897596591456,0.328897596591456,TUNIS - CARTHAGE,DUSSELDORF,TUNISIA,GERMANY
DTTA -> EDDF,DTTA,EDDF,928,4.301,5.627079747954334,1.326079747954334,0.961,1.3198695272252934,0.3588695272252934,TUNIS - CARTHAGE,Frankfurt Airport,TUNISIA,GERMANY
EDDF -> DTTA,EDDF,DTTA,742,3.921,4.552591550414322,0.6315915504143219,0.945,1.204122930858144,0.2591229308581441,Frankfurt Airport,TUNIS - CARTHAGE,GERMANY,TUNISIA
DTTA -> EBBR,DTTA,EBBR,1053,5.39,6.349182031247353,0.9591820312473534,1.327,1.3976562183322487,0.07065621833224878,TUNIS - CARTHAGE,Bruxelles National,TUNISIA,BELGIUM
DTTA -> EBBR,DTTA,EBBR,1010,4.937,6.100778845794554,1.1637788457945542,1.06,1.370897596591456,0.310897596591456,TUNIS - CARTHAGE,Bruxelles National,TUNISIA,BELGIUM
EBBR -> DTTA,EBBR,DTTA,944,4.938,5.71950884021584,0.7815088402158406,1.19,1.3298262236869838,0.13982622368698383,Bruxelles National,TUNIS - CARTHAGE,BELGIUM,TUNISIA
DTTA -> LFPG,DTTA,LFPG,940,4.768,5.696401567150464,0.9284015671504644,1.228,1.327337049571561,0.09933704957156109,TUNIS - CARTHAGE,Charles de Gaulles,TUNISIA,FRANCE
DTTA -> LFPG,DTTA,LFPG,885,4.339,5.378676562501536,1.0396765625015352,0.967,1.2931109054845007,0.3261109054845007,TUNIS - CARTHAGE,Charles de Gaulles,TUNISIA,FRANCE
LFPG -> DTTA,LFPG,DTTA,830,4.343,5.060951557852607,0.717951557852607,1.163,1.2588847613974405,0.09588476139744051,Charles de Gaulles,TUNIS - CARTHAGE,FRANCE,TUNISIA
DTTA -> LTFM,DTTA,LTFM,998,4.863,6.031457026598424,1.168457026598424,1.243,1.3634300742451884,0.12043007424518826,TUNIS - CARTHAGE,ISTANBUL,TUNISIA,TURKEY
DTTA -> LTFM,DTTA,LTFM,946,4.701,5.731062476748528,1.0300624767485287,1.218,1.331070810744695,0.11307081074469494,TUNIS - CARTHAGE,ISTANBUL,TUNISIA,TURKEY
DTTA -> LTFM,DTTA,LTFM,909,4.413,5.517320200893795,1.1043202008937945,1.175,1.308045950177036,0.13304595017703602,TUNIS - CARTHAGE,ISTANBUL,TUNISIA,TURKEY
LTFM -> DTTA,LTFM,DTTA,962,4.811,5.823491569010035,1.0124915690100353,1.562,1.3410275072063853,0.22097249279361475,ISTANBUL,TUNIS - CARTHAGE,TURKEY,TUNISIA
LTFM -> DTTA,LTFM,DTTA,957,4.687,5.794607477678315,1.1076074776783145,1.541,1.337916039562107,0.2030839604378929,ISTANBUL,TUNIS - CARTHAGE,TURKEY,TUNISIA
DTTA -> LFST,DTTA,LFST,803,4.066,4.904977464661315,0.8389774646613155,0.924,1.2420828361183383,0.3180828361183382,TUNIS - CARTHAGE,ENTZHEIM (STRASBOURG),TUNISIA,FRANCE
DTTA -> EDDL,DTTA,EDDL,982,6.242,5.939027934336918,0.30297206566308166,1.324,1.353473377783498,0.0294733777834979,TUNIS - CARTHAGE,DUSSELDORF,TUNISIA,GERMANY
EDDL -> DTTA,EDDL,DTTA,937,5.231,5.679071112351432,0.4480711123514318,1.448,1.3254701689849941,0.12252983101500581,DUSSELDORF,TUNIS - CARTHAGE,GERMANY,TUNISIA
EDDL -> DTTA,EDDL,DTTA,829,5.315,5.055174739586263,0.259825260413737,1.46,1.258262467868585,0.201737532131415,DUSSELDORF,TUNIS - CARTHAGE,GERMANY,TUNISIA
EDDL -> DTMB,EDDL,DTMB,946,5.956,5.731062476748528,0.2249375232514721,1.559,1.331070810744695,0.22792918925530503,DUSSELDORF,MONASTIR,GERMANY,TUNISIA
DTMB -> EDDV,DTMB,EDDV,1030,6.436,6.2163152111214375,0.21968478887856246,1.314,1.3833434671685687,0.06934346716856865,MONASTIR,HANNOVER,TUNISIA,GERMANY
DTMB -> EDDF,DTMB,EDDF,1055,6.728,6.360735667780041,0.3672643322199587,1.358,1.3989008053899599,0.04090080538995977,MONASTIR,Frankfurt Airport,TUNISIA,GERMANY
EBBR -> DTTA,EBBR,DTTA,997,6.357,6.02568020833208,0.33131979166792025,1.5,1.3628077807163326,0.13719221928366743,Bruxelles National,TUNIS - CARTHAGE,BELGIUM,TUNISIA
DTMB -> LFPG,DTMB,LFPG,1005,6.406,6.071894754462834,0.3341052455371658,1.308,1.3677861289471778,0.05978612894717772,MONASTIR,Charles de Gaulles,TUNISIA,FRANCE
DTTJ -> LFML,DTTJ,LFML,720,4.599,4.425501548554751,0.17349845144524956,1.069,1.19043247322332,0.12143247322332007,DJERBA,MARSEILLE  T1 HALL 1,TUNISIA,FRANCE
DTMB -> LFMN,DTMB,LFMN,580,3.65,3.6167469912665693,0.03325300873343062,0.936,1.1033113791835303,0.16731137918353023,MONASTIR,Nice Cote d'Azur,TUNISIA,FRANCE
LFMN -> DTMB,LFMN,DTMB,517,3.458,3.2528074404868876,0.20519255951311255,0.936,1.0641068868656247,0.12810688686562466,Nice Cote d'Azur,MONASTIR,FRANCE,TUNISIA
DTTA -> LFLL,DTTA,LFLL,699,4.315,4.304188364961523,0.010811635038477263,1.026,1.1773643091173516,0.15136430911735155,TUNIS - CARTHAGE,Lyon Saint Exupery,TUNISIA,FRANCE
DTTA -> LTFM,DTTA,LTFM,876,5.11,5.326685198104438,0.21668519810443776,1.15,1.2875102637248,0.13751026372480002,TUNIS - CARTHAGE,ISTANBUL,TUNISIA,TURKEY
DTTJ -> LFPG,DTTJ,LFPG,1045,5.385,6.3029674851166,0.9179674851166002,1.19,1.3926778701014033,0.20267787010140337,DJERBA,Charles de Gaulles,TUNISIA,FRANCE
DTTJ -> LFQQ,DTTJ,LFQQ,1135,5.835,6.822881129087573,0.9878811290875733,1.262,1.4486842876984112,0.18668428769841117,DJERBA,LESQUIN,TUNISIA,FRANCE
DTTA -> EGKK,DTTA,EGKK,1071,6.747,6.453164760041547,0.29383523995845273,1.401,1.4088575018516503,0.00785750185165024,TUNIS - CARTHAGE,LONDON (GATWICK),TUNISIA,UNITED KINGDOM
EDDL -> DTMB,EDDL,DTMB,965,6.178,5.840822023809068,0.33717797619093215,1.584,1.3428943877929522,0.24110561220704785,DUSSELDORF,MONASTIR,GERMANY,TUNISIA
DTTJ -> EDDF,DTTJ,EDDF,1133,6.495,6.811327492554885,0.3163274925548851,1.358,1.4474397006406998,0.08943970064069973,DJERBA,Frankfurt Airport,TUNISIA,GERMANY
EDDF -> DTTJ,EDDF,DTTJ,1016,6.351,6.135439755392619,0.21556024460738055,1.376,1.37463135776459,0.0013686422354100003,Frankfurt Airport,DJERBA,GERMANY,TUNISIA
EDDL -> DTTJ,EDDL,DTTJ,1094,6.579,6.586031580167463,0.00703158016746297,1.646,1.4231702530153298,0.22282974698467006,DUSSELDORF,DJERBA,GERMANY,TUNISIA
EDDV -> DTTJ,EDDV,DTTJ,1183,7.44,7.100168405872092,0.339831594127908,1.621,1.478554377083482,0.14244562291651808,HANNOVER,DJERBA,GERMANY,TUNISIA
DTTJ -> EBBR,DTTJ,EBBR,1260,6.968,7.544983412380592,0.5769834123805921,1.429,1.5264709788053663,0.09747097880536626,DJERBA,Bruxelles National,TUNISIA,BELGIUM
DTTJ -> LFPG,DTTJ,LFPG,1089,6.989,6.557147488835742,0.4318525111642577,1.432,1.4200587853710518,0.011941214628948149,DJERBA,Charles de Gaulles,TUNISIA,FRANCE
DTTJ -> LFPG,DTTJ,LFPG,1128,7.211,6.782443401223164,0.4285565987768365,1.469,1.4443282329964218,0.024671767003578315,DJERBA,Charles de Gaulles,TUNISIA,FRANCE
DTTJ -> LFPG,DTTJ,LFPG,1194,7.424,7.163713406801878,0.2602865931981224,1.5,1.485399605900894,0.014600394099105962,DJERBA,Charles de Gaulles,TUNISIA,FRANCE
DTTJ -> LFPG,DTTJ,LFPG,1116,7.144,6.713121582027035,0.43087841797296544,1.457,1.436860710650154,0.02013928934984599,DJERBA,Charles de Gaulles,TUNISIA,FRANCE
DTTJ -> LFQQ,DTTJ,LFQQ,1136,6.64,6.828657947353918,0.18865794735391805,1.379,1.4493065812272667,0.07030658122726674,DJERBA,LESQUIN,TUNISIA,FRANCE
LFQQ -> DTTA,LFQQ,DTTA,1070,6.625,6.447387941775204,0.17761205822479642,1.376,1.4082352083227945,0.032235208322794584,LESQUIN,TUNIS - CARTHAGE,FRANCE,TUNISIA
DTTJ -> LFQQ,DTTJ,LFQQ,1318,7.355,7.880038871828553,0.5250388718285528,1.491,1.5625640034789936,0.0715640034789935,DJERBA,LESQUIN,TUNISIA,FRANCE
DTTJ -> EPWA,DTTJ,EPWA,1198,7.543,7.186820679867255,0.3561793201327452,1.519,1.4878887800163165,0.03111121998368338,DJERBA,WARSAW,TUNISIA,POLAND
DTTJ -> EPWA,DTTJ,EPWA,1221,7.388,7.3196874999931705,0.06831250000682942,1.494,1.5022015311799963,0.008201531179996335,DJERBA,WARSAW,TUNISIA,POLAND
DTTA -> LFSB,DTTA,LFSB,757,4.651,4.639243824409484,0.01175617559051556,1.073,1.2134573337909789,0.1404573337909789,TUNIS - CARTHAGE,Basle Mulhouse,TUNISIA,SWITZERLAND
DTMB -> EDDL,DTMB,EDDL,1069,6.224,6.441611123508859,0.21761112350885892,1.277,1.4076129147939387,0.13061291479393877,MONASTIR,DUSSELDORF,TUNISIA,GERMANY
EDDB -> DTTA,EDDB,DTTA,1019,6.418,6.152770210191652,0.2652297898083482,1.581,1.3764982383511568,0.20450176164884315,BERLIN BRANDENBURG AIRPORT,TUNIS - CARTHAGE,GERMANY,TUNISIA
DTTA -> EDDF,DTTA,EDDF,884,5.439,5.372899744235191,0.06610025576480894,1.193,1.2924886119556454,0.09948861195564529,TUNIS - CARTHAGE,Frankfurt Airport,TUNISIA,GERMANY
DTTA -> EDDF,DTTA,EDDF,906,5.264,5.499989746094762,0.23598974609476198,1.166,1.3061790695904691,0.14017906959046922,TUNIS - CARTHAGE,Frankfurt Airport,TUNISIA,GERMANY
DTTA -> EDDF,DTTA,EDDF,890,5.824,5.407560653833256,0.4164393461667437,1.252,1.2962223731287792,0.04422237312877919,TUNIS - CARTHAGE,Frankfurt Airport,TUNISIA,GERMANY
DTTA -> EDDH,DTTA,EDDH,999,6.417,6.037233844864769,0.37976615513523093,1.345,1.364052367774044,0.019052367774043955,TUNIS - CARTHAGE,HAMBURG,TUNISIA,GERMANY
DTTJ -> EDDF,DTTJ,EDDF,1055,6.727,6.360735667780041,0.36626433221995924,1.392,1.3989008053899599,0.006900805389959963,DJERBA,Frankfurt Airport,TUNISIA,GERMANY
DTTA -> EBBR,DTTA,EBBR,946,6.244,5.731062476748528,0.5129375232514715,1.317,1.331070810744695,0.014070810744694962,TUNIS - CARTHAGE,Bruxelles National,TUNISIA,BELGIUM
EBBR -> DTTA,EBBR,DTTA,960,6.159,5.811937932477346,0.34706206752265345,1.46,1.339782920148674,0.12021707985132601,Bruxelles National,TUNIS - CARTHAGE,BELGIUM,TUNISIA
DTTJ -> LFPG,DTTJ,LFPG,1065,6.503,6.418503850443483,0.08449614955651708,1.358,1.4051237406785164,0.047123740678516324,DJERBA,Charles de Gaulles,TUNISIA,FRANCE
LFPG -> DTTJ,LFPG,DTTJ,1077,6.826,6.487825669639612,0.33817433036038747,1.643,1.412591263024784,0.2304087369752159,Charles de Gaulles,DJERBA,FRANCE,TUNISIA
